# zone_key	sector_y	start_sector_x	sector_count
129	226	146	16
129	227	146	16
129	228	146	16
129	229	146	16
129	230	146	16
129	231	146	16
129	232	146	16
129	233	146	16
129	234	146	16
129	235	146	16
129	236	146	16
129	237	146	16
129	238	146	16
129	239	146	16
129	240	146	16
129	241	146	16
129	242	146	15
129	243	146	15
129	244	146	15
129	245	146	16
129	246	146	19
129	247	146	19
129	248	146	19
129	249	146	19
129	250	146	19
129	251	146	19
129	252	146	19
129	253	146	19
133	174	162	23
133	175	162	23
133	176	162	23
133	177	162	23
133	178	162	24
133	179	162	25
133	180	162	25
133	181	162	26
133	182	162	26
133	183	162	9
133	183	177	11
133	184	162	8
133	184	178	10
133	185	162	7
133	185	179	9
133	186	162	7
133	186	180	8
133	187	162	7
133	187	180	8
133	188	162	7
133	188	180	9
133	189	163	6
133	189	180	9
133	190	163	6
133	190	179	10
133	191	163	7
133	191	179	10
133	192	163	9
133	192	178	11
133	193	163	10
133	193	177	10
133	194	165	19
133	195	166	15
133	196	167	12
133	197	170	8
133	198	172	5
136	96	370	14
136	97	370	16
136	98	367	22
136	99	367	25
136	100	367	24
136	101	364	27
136	102	364	27
136	103	364	27
136	104	364	27
136	105	364	25
136	106	364	24
136	107	364	24
136	108	364	24
136	109	364	24
136	110	364	24
136	111	364	24
136	112	366	25
136	113	366	25
136	114	366	31
136	115	366	31
136	116	366	31
136	117	370	27
136	118	370	28
136	119	370	28
136	120	370	28
136	121	371	27
136	122	372	26
136	123	377	24
136	124	386	15
136	125	386	15
136	126	394	7
136	127	394	7
136	128	394	7
136	129	394	7
136	130	396	5
136	131	397	4
137	86	430	4
137	87	430	4
137	88	429	5
137	89	422	12
137	90	422	13
137	91	422	14
137	92	422	15
137	93	422	15
137	94	422	16
137	95	422	16
137	96	422	16
137	97	422	16
137	98	422	16
137	99	422	16
137	100	422	16
137	101	422	16
137	102	422	15
137	103	422	15
137	104	422	15
137	105	423	14
137	106	423	14
138	130	394	2
138	131	391	6
138	132	390	26
138	133	390	26
138	134	390	28
138	135	390	33
138	136	392	31
138	137	393	30
138	138	393	30
138	139	392	32
138	140	392	32
138	141	392	32
138	142	390	35
138	143	390	35
138	144	390	36
138	145	390	37
138	146	389	37
138	147	389	37
138	148	388	38
138	149	387	39
138	150	388	37
138	151	390	35
138	152	391	34
138	153	392	33
138	154	392	32
138	155	393	30
138	156	393	30
138	157	394	23
138	158	395	21
138	159	398	18
138	160	399	16
138	161	400	14
139	178	302	16
139	179	302	16
139	180	302	16
139	181	302	29
139	182	302	29
139	183	302	29
139	184	302	29
139	185	302	29
139	186	302	24
139	187	302	25
139	188	302	25
139	189	302	26
139	190	302	26
139	191	302	26
139	192	302	26
139	193	302	26
139	194	302	29
139	195	302	33
139	196	302	33
139	197	302	33
139	198	302	33
139	199	302	32
139	200	302	28
139	201	302	28
139	202	302	28
139	203	302	28
139	204	302	28
139	205	302	29
139	206	302	30
139	207	302	30
139	208	302	30
139	209	302	30
139	210	318	14
139	211	318	14
139	212	322	10
139	213	322	10
140	210	178	11
140	210	197	7
140	211	178	26
140	212	178	26
140	213	178	26
140	214	178	33
140	215	178	33
140	216	178	33
140	217	178	33
140	218	178	33
140	219	178	33
140	220	178	33
140	221	178	32
140	222	178	32
140	223	178	32
140	224	178	32
140	225	178	32
140	226	183	26
140	227	183	26
140	228	188	21
140	229	188	18
140	230	193	12
140	231	193	11
140	232	193	11
140	233	195	8
140	234	196	4
141	108	233	51
141	109	232	53
141	110	231	55
141	111	231	55
141	112	231	55
141	113	231	55
141	114	230	56
141	115	229	57
141	116	229	57
141	117	229	57
141	118	229	57
141	119	229	57
141	120	229	57
141	121	229	57
141	122	229	57
141	123	229	57
141	124	229	57
141	125	229	57
141	126	229	56
141	127	229	55
141	128	229	52
141	129	229	50
141	130	230	49
141	131	232	47
141	132	233	46
141	133	234	43
141	134	235	19
141	134	264	11
141	135	245	9
141	135	264	10
141	136	247	7
141	136	267	7
141	137	251	3
141	137	267	8
141	138	267	9
141	139	267	11
141	140	267	12
141	141	267	13
141	142	267	14
141	143	267	14
141	144	267	13
141	145	267	12
141	146	267	12
141	147	258	21
141	148	258	12
141	148	274	5
141	149	258	12
141	149	274	5
141	150	258	12
141	150	275	4
141	151	258	12
141	151	276	3
142	210	222	12
142	211	222	12
142	212	214	4
142	212	222	12
142	213	213	21
142	214	213	21
142	215	211	19
142	216	211	19
142	217	211	17
142	218	211	17
142	219	211	17
142	220	211	17
142	221	210	18
142	222	210	18
142	223	210	18
142	224	210	18
142	225	210	18
142	226	209	19
142	227	209	19
142	228	209	19
142	229	206	22
142	230	205	23
142	231	204	24
142	232	204	24
142	233	204	24
142	234	204	24
142	235	204	22
142	236	206	20
142	237	210	17
142	238	210	17
142	239	212	15
142	240	213	14
142	241	213	14
142	242	216	11
142	243	216	11
142	244	219	8
142	245	220	7
142	246	221	6
142	247	221	6
143	188	144	4
143	188	151	2
143	189	141	13
143	190	135	19
143	191	135	19
143	192	134	20
143	193	133	21
143	194	132	25
143	195	132	25
143	196	131	26
143	197	131	26
143	198	132	25
143	199	133	24
143	200	135	21
143	201	136	20
143	202	136	20
143	203	136	20
143	204	136	20
143	205	136	20
143	206	136	20
143	207	136	20
143	208	135	21
143	209	135	21
143	210	135	23
143	211	135	23
143	211	175	3
143	212	135	25
143	212	162	10
143	212	174	4
143	213	135	25
143	213	162	16
143	214	135	43
143	215	135	43
143	216	135	43
143	217	135	43
143	218	136	42
143	219	136	42
143	220	141	37
143	221	142	36
143	222	142	36
143	223	144	34
143	224	144	34
143	225	144	34
144	237	205	5
144	238	204	6
144	239	201	11
144	240	199	14
144	241	199	14
144	242	200	16
144	243	201	15
144	244	201	18
144	245	202	18
144	246	203	18
144	247	203	18
144	248	203	23
144	249	203	23
144	250	203	23
144	251	203	23
144	252	202	24
144	253	201	25
144	254	202	24
144	255	202	24
144	256	202	24
144	257	202	24
144	258	202	8
144	259	202	8
145	242	137	9
145	243	137	9
145	244	137	9
145	245	137	9
145	246	137	9
145	247	138	8
145	248	138	8
145	249	138	8
145	249	174	4
145	250	138	8
145	250	173	5
145	251	138	8
145	251	173	5
145	252	138	8
145	252	173	5
145	253	138	8
145	253	165	13
145	254	138	40
145	255	136	42
145	256	135	44
145	257	135	45
145	258	130	51
145	259	130	52
145	260	130	53
145	261	130	48
145	261	179	4
145	262	130	47
145	262	179	3
145	263	130	46
145	264	130	46
145	265	130	45
145	266	130	44
145	267	130	43
145	268	130	42
145	269	130	41
145	270	130	41
145	271	130	40
145	272	130	39
145	273	130	38
145	274	130	37
145	275	130	36
145	276	130	35
145	277	130	34
145	278	130	34
145	279	130	33
145	280	130	32
145	281	130	32
145	282	130	31
145	283	130	28
145	284	130	28
145	285	130	28
146	104	314	3
146	105	313	4
146	106	312	5
146	107	312	5
146	108	311	6
146	109	311	2
148	164	222	15
148	165	222	15
148	166	221	17
148	167	221	17
148	168	220	15
148	169	220	15
148	170	220	15
148	171	220	15
148	172	220	15
148	173	220	15
148	174	220	15
148	175	220	14
148	176	220	14
148	177	220	14
148	178	220	14
148	179	220	14
148	180	220	14
148	181	220	14
148	182	220	13
148	183	219	14
148	184	219	13
148	185	219	12
148	186	219	12
148	187	219	12
148	188	219	10
148	189	219	10
148	190	219	10
148	191	219	10
148	192	219	10
148	193	219	5
149	153	187	14
149	154	187	14
149	155	187	14
149	156	187	14
149	157	187	16
149	158	187	16
149	159	187	16
149	160	187	16
149	161	187	16
149	162	187	17
149	163	187	18
149	164	187	18
149	165	187	17
149	166	187	16
149	167	187	16
149	168	187	15
149	169	186	16
149	170	184	18
149	171	184	18
149	172	183	19
149	173	183	21
149	174	185	19
149	175	185	19
149	176	185	19
149	177	185	20
149	177	216	4
149	178	186	26
149	178	216	4
149	179	187	27
149	179	216	4
149	180	187	33
149	181	188	32
149	182	188	32
149	183	188	31
149	184	188	31
149	185	188	31
149	186	188	31
149	187	188	31
149	188	189	30
149	189	189	30
149	190	189	30
149	191	189	30
149	192	189	30
149	193	189	30
150	185	110	5
150	186	105	14
150	187	102	19
150	188	101	22
150	189	100	23
150	190	98	26
150	191	98	27
150	192	98	28
150	193	98	35
150	194	101	31
150	195	102	30
150	196	103	28
150	197	105	25
150	198	106	21
150	199	107	19
150	200	107	6
150	201	109	4
150	202	109	4
150	203	109	4
151	152	130	6
151	153	129	7
151	154	128	8
151	155	126	10
151	156	126	11
151	157	126	11
151	158	126	11
151	159	126	11
151	160	126	11
151	161	126	11
151	162	126	12
151	163	126	14
151	164	125	15
151	165	125	14
151	166	125	14
151	167	123	16
151	168	123	16
151	169	123	16
151	170	123	16
151	171	123	16
151	172	123	16
153	113	286	4
153	114	286	11
153	115	286	11
153	116	286	11
153	117	286	14
153	118	286	14
153	119	286	14
153	120	286	17
153	121	286	17
153	122	286	17
153	123	286	17
153	124	286	16
153	125	286	16
153	126	285	13
153	127	284	14
153	128	281	17
153	129	279	19
153	130	279	19
153	131	279	17
153	132	279	16
153	133	277	17
153	134	275	19
153	135	274	20
153	136	274	20
153	137	275	20
153	138	276	19
153	139	278	17
153	140	279	16
153	141	280	15
153	142	281	14
153	143	281	14
153	144	280	15
153	145	279	16
153	146	279	27
153	147	279	27
153	148	279	27
153	149	279	27
153	150	279	27
153	151	279	27
153	152	279	27
154	194	87	14
154	195	87	15
154	196	87	16
154	197	87	18
154	198	87	19
154	199	87	19
154	200	87	18
154	201	87	17
154	202	87	16
154	203	87	14
154	204	87	13
154	205	87	12
155	106	455	2
155	106	464	1
155	107	455	3
155	107	464	1
155	108	455	10
155	109	454	11
155	110	454	11
155	111	454	11
155	112	453	12
155	113	453	12
155	114	451	14
155	115	448	17
155	116	447	31
155	117	446	32
155	118	445	33
155	119	445	33
155	120	444	34
155	121	443	35
155	122	442	36
155	123	442	36
155	124	442	36
155	125	442	36
155	126	442	36
155	127	442	36
155	128	442	40
155	129	442	7
155	129	460	22
156	117	366	4
156	118	366	4
156	119	366	4
156	120	364	6
156	121	362	9
156	122	360	12
156	123	359	18
156	124	356	23
156	125	356	23
156	126	356	23
156	127	356	22
156	128	356	22
156	129	356	22
156	130	356	20
156	131	356	18
156	132	356	18
156	133	356	18
156	134	356	18
156	135	356	18
156	136	356	18
156	137	356	20
156	138	348	29
156	139	348	29
156	140	346	32
156	141	345	33
156	142	345	33
156	143	345	33
156	144	345	33
156	145	345	34
156	146	352	27
156	147	352	27
156	148	352	26
156	149	352	24
156	150	352	23
156	151	355	20
156	152	357	17
156	153	358	15
156	154	361	11
156	155	362	10
156	156	362	10
156	157	363	9
156	158	364	8
156	159	364	8
156	160	364	8
156	161	364	8
156	162	366	6
156	163	366	6
156	164	366	2
156	164	371	1
157	66	290	28
157	67	290	28
157	68	290	28
157	69	290	28
157	70	290	28
157	71	290	28
157	72	290	28
157	73	290	28
157	74	290	28
157	75	290	28
157	76	290	28
157	77	290	28
157	78	290	28
157	79	290	28
157	80	290	28
157	81	290	28
157	82	290	28
157	83	290	27
157	84	290	26
157	85	290	19
157	86	290	19
157	87	290	19
157	88	290	19
157	89	290	19
157	90	290	19
157	91	290	19
157	92	290	22
157	93	290	22
157	94	290	22
157	95	290	22
157	96	290	22
157	97	290	22
157	98	290	24
157	99	290	25
157	100	290	27
157	101	290	27
157	102	290	27
157	103	290	27
157	104	290	24
157	105	290	23
157	106	290	22
157	107	290	22
157	108	290	21
157	109	290	21
158	121	328	6
158	122	328	6
158	123	327	11
158	124	326	12
158	125	326	12
158	126	323	15
158	127	323	15
158	128	323	15
158	129	323	15
158	130	323	14
158	131	323	14
158	132	323	17
158	133	323	20
158	134	324	21
158	135	324	21
158	136	324	21
158	137	324	21
158	138	324	21
158	139	324	21
158	140	325	20
158	141	327	18
158	142	327	18
158	143	327	18
158	144	326	19
158	145	326	19
159	164	368	3
159	164	375	5
159	165	366	14
159	166	366	14
159	167	364	16
159	168	363	16
159	169	362	17
159	170	360	19
159	171	360	20
159	172	356	26
159	173	356	31
159	174	356	36
159	175	356	36
159	176	352	40
159	177	352	40
159	178	348	41
159	179	348	41
159	180	345	44
159	181	345	44
159	182	345	44
159	183	344	46
159	184	343	47
159	185	343	47
159	186	343	46
159	187	346	43
159	188	346	42
159	189	346	39
159	190	346	38
159	191	346	37
159	192	347	35
159	193	347	34
159	194	348	33
159	195	349	30
159	196	350	26
159	197	351	25
159	198	352	22
159	199	352	21
159	200	352	19
159	201	352	17
160	160	329	1
160	161	327	5
160	162	327	6
160	163	326	7
160	164	325	9
160	165	325	9
160	166	325	9
160	167	322	11
160	168	322	11
160	169	322	11
160	170	322	8
160	171	323	7
160	172	323	5
160	173	324	4
161	117	141	6
161	118	141	6
161	119	108	39
161	120	108	39
161	121	108	39
161	122	105	1
161	122	108	39
161	123	105	2
161	123	108	39
161	124	105	42
161	125	105	33
161	126	105	25
161	127	105	25
161	128	105	25
161	129	105	25
161	130	105	25
161	131	105	25
161	132	105	25
161	133	105	25
161	134	105	25
161	135	106	24
161	136	106	11
161	137	106	11
161	138	107	9
161	139	107	9
161	140	107	9
161	141	108	8
161	142	108	9
161	143	108	9
161	144	108	9
161	145	108	9
161	146	110	6
161	147	110	6
161	148	110	5
162	125	138	12
162	126	130	20
162	127	130	20
162	128	130	20
162	129	130	20
162	130	130	18
162	131	130	18
162	132	130	17
162	133	130	16
162	134	130	16
162	135	130	14
162	136	130	14
162	137	130	14
162	138	130	14
162	139	130	14
162	140	130	14
162	141	130	14
162	142	130	14
162	143	130	14
162	144	130	12
162	145	130	12
162	146	130	12
162	147	130	12
162	148	130	12
162	149	130	12
162	150	130	12
162	151	130	12
162	152	139	3
162	153	139	3
164	216	128	7
164	217	128	7
164	218	128	8
164	219	128	8
164	220	131	10
164	221	131	11
164	222	132	10
164	223	133	11
164	224	135	9
164	225	137	5
164	226	138	3
172	131	211	21
172	132	211	22
172	133	211	23
172	134	211	24
172	135	211	34
172	136	211	36
172	137	211	40
172	138	211	43
172	139	211	43
172	140	211	43
172	141	211	43
172	142	211	43
172	143	211	43
172	144	211	43
172	145	211	43
172	146	211	43
172	147	211	47
172	148	211	47
172	149	211	47
172	150	211	47
172	151	211	47
172	152	211	47
172	153	211	47
172	154	211	47
172	155	211	47
172	156	211	47
172	157	222	36
172	158	222	36
172	159	222	36
172	160	222	36
172	161	222	36
172	162	222	36
172	163	222	36
172	164	237	21
172	165	237	21
172	166	238	20
172	167	242	16
172	168	246	12
172	169	246	12
172	170	246	12
172	171	246	12
172	172	246	12
172	173	246	12
173	148	270	4
173	149	270	4
173	150	270	5
173	151	270	6
173	152	258	21
173	153	258	49
173	154	258	52
173	155	258	52
173	156	258	52
173	157	258	56
173	158	258	60
173	159	258	60
173	160	258	60
173	161	258	60
173	162	258	60
173	163	258	60
173	164	258	60
173	165	258	60
173	166	258	60
173	167	258	60
173	168	258	60
173	169	258	60
173	170	258	60
173	171	258	60
173	172	258	60
173	173	258	60
173	174	249	69
173	175	249	69
173	176	250	68
173	177	250	68
173	178	251	51
173	179	251	51
173	180	251	51
173	181	251	51
173	182	251	51
173	183	251	51
173	184	251	51
173	185	251	51
173	186	251	51
173	187	254	48
173	188	254	48
173	189	254	48
173	190	254	48
173	191	254	48
173	192	254	48
173	193	254	48
173	194	254	48
173	195	254	48
173	196	254	48
173	197	254	48
173	198	254	48
173	199	254	48
173	200	254	48
173	201	254	48
173	202	254	48
173	203	254	48
173	204	254	48
173	205	254	48
173	206	254	48
173	207	254	48
173	208	254	48
173	209	254	48
173	210	254	37
173	211	254	37
173	212	254	37
173	213	270	21
173	214	273	18
173	215	276	15
173	216	278	13
173	217	281	10
173	218	284	7
173	219	285	6
178	210	234	11
178	211	234	12
178	212	234	13
178	213	234	20
178	214	234	20
178	215	230	24
178	216	230	24
178	217	228	20
178	218	228	19
178	219	228	19
178	220	228	19
179	221	228	19
179	222	228	19
179	223	228	19
179	224	228	19
179	225	228	19
179	226	228	26
179	227	228	26
179	228	228	26
179	229	228	26
179	230	228	26
179	231	228	26
179	232	228	26
179	233	228	26
179	234	228	26
179	235	226	28
179	236	226	28
179	237	227	27
179	238	227	27
179	239	227	27
179	240	227	27
179	241	227	27
179	242	227	24
179	243	227	23
179	244	227	22
179	245	227	22
179	246	227	6
179	246	236	12
179	247	227	5
179	247	237	8
179	248	238	4
180	213	254	16
180	214	254	19
180	215	254	22
180	216	254	24
180	217	248	33
180	218	247	37
180	219	247	38
180	220	247	44
180	221	247	44
180	222	247	44
180	223	247	44
180	224	247	44
180	225	247	44
180	226	254	37
180	227	254	37
180	228	254	37
180	229	254	37
180	230	254	37
180	231	254	37
180	232	254	37
180	233	254	37
180	234	254	37
180	235	254	37
180	236	254	37
180	237	254	37
180	238	254	37
180	239	254	37
180	240	254	37
180	241	254	37
180	242	254	32
180	243	254	32
180	244	254	31
180	245	254	31
180	246	254	30
180	247	254	30
180	248	254	29
180	249	254	27
180	250	258	21
180	251	259	19
181	226	162	9
181	227	162	9
181	228	162	9
181	229	162	9
181	230	162	9
181	231	162	9
181	232	162	9
181	233	162	7
181	234	162	6
182	226	171	12
182	227	171	12
182	228	171	17
182	229	171	17
182	230	171	19
182	231	171	18
182	232	171	18
182	233	169	20
182	234	168	22
182	235	162	28
182	236	162	23
182	237	162	22
182	238	162	22
182	239	162	22
182	240	162	22
182	241	162	22
182	242	161	19
182	243	161	19
182	244	161	17
182	245	162	16
182	246	165	13
182	247	165	13
182	248	165	13
182	249	165	9
182	250	165	8
182	251	165	8
182	252	165	8
183	183	171	6
183	184	170	8
183	185	169	10
183	186	169	11
183	187	169	11
183	188	169	11
183	189	169	11
183	190	169	10
183	191	170	9
183	192	172	6
183	193	173	4
184	124	379	7
184	125	379	7
184	126	379	15
184	127	378	16
184	128	378	16
184	129	378	16
184	130	376	18
184	131	374	17
184	132	374	16
184	133	374	16
184	134	374	16
184	135	374	16
184	136	374	18
184	137	376	17
184	138	377	16
184	139	377	15
184	140	378	14
184	141	378	14
184	142	378	12
184	143	378	12
184	144	378	12
184	145	379	11
184	146	379	10
184	147	379	10
184	148	378	10
184	149	376	11
184	150	375	11
184	151	375	11
184	152	374	12
184	153	373	13
184	154	372	14
184	155	372	14
184	156	372	10
184	157	372	10
184	158	372	9
184	159	372	9
184	160	372	9
184	161	372	9
184	162	372	9
184	163	372	9
184	164	372	3
185	193	187	2
185	194	184	17
185	195	181	20
185	196	179	24
185	197	178	25
185	198	178	25
185	199	178	26
185	200	178	26
185	201	178	26
185	202	178	26
185	203	178	26
185	204	177	27
185	205	177	27
185	206	177	27
185	207	177	27
185	208	177	27
185	209	177	27
185	210	177	1
185	210	189	8
186	157	203	19
186	158	203	19
186	159	203	19
186	160	203	19
186	161	203	19
186	162	204	18
186	163	205	17
186	164	205	17
186	165	204	18
186	166	203	18
186	167	203	18
186	168	202	18
186	169	202	18
186	170	202	18
186	171	202	18
186	172	202	18
186	173	204	16
186	174	204	16
186	175	204	16
186	176	204	16
186	177	205	11
186	178	212	4
186	179	214	2
187	109	313	3
187	110	297	19
187	111	297	19
187	112	297	19
187	113	297	21
187	114	297	21
187	115	297	21
187	116	297	21
187	117	300	18
187	118	300	18
187	119	300	18
187	120	304	14
187	121	306	12
187	122	307	11
187	123	310	8
187	124	313	5
188	100	338	4
188	101	321	27
188	102	317	31
188	103	317	31
188	104	317	23
188	105	317	23
188	106	317	23
188	107	317	23
188	108	317	23
188	109	316	24
188	110	316	24
188	111	316	24
188	112	316	24
188	113	318	22
188	114	318	22
188	115	318	22
188	116	318	22
188	117	318	21
188	118	318	21
188	119	318	22
188	120	318	22
188	121	318	10
188	121	334	6
188	122	318	10
188	122	334	6
188	123	318	9
188	124	318	8
188	125	323	3
189	102	348	16
189	103	348	16
189	104	340	24
189	105	340	24
189	106	340	24
189	107	340	24
189	108	340	24
189	109	340	24
189	110	340	24
189	111	340	24
189	112	340	26
189	113	340	26
189	114	340	26
189	115	340	26
189	116	340	26
189	117	339	27
189	118	339	27
189	119	340	26
189	120	340	2
189	120	347	17
189	121	340	2
189	121	350	4
189	121	356	6
189	122	350	4
190	66	318	20
190	67	318	20
190	68	318	20
190	69	318	20
190	70	318	20
190	71	318	20
190	72	318	20
190	73	318	20
190	74	318	20
190	75	318	20
190	76	318	20
190	77	318	20
190	78	318	20
190	79	318	20
190	80	318	20
190	81	318	20
190	82	318	20
190	83	317	21
190	84	316	22
190	85	309	29
190	86	309	29
190	87	309	29
190	88	309	29
190	89	309	29
190	90	309	29
190	91	309	29
190	92	312	26
190	93	312	26
190	94	312	26
190	95	312	26
190	96	312	26
190	97	312	26
190	98	314	24
190	99	315	23
190	100	317	21
190	101	317	4
191	134	254	10
191	135	254	10
191	136	254	13
191	137	254	13
191	138	254	13
191	139	254	13
191	140	254	13
191	141	254	13
191	142	254	13
191	143	254	13
191	144	254	13
191	145	254	13
191	146	254	13
192	206	86	12
192	207	86	12
192	208	86	12
192	209	86	12
192	210	86	15
192	211	86	16
192	212	86	16
192	213	86	16
192	214	86	16
192	215	87	15
192	216	90	12
192	217	96	6
193	199	106	1
193	200	105	2
193	201	104	5
193	202	103	6
193	203	101	8
193	204	100	14
193	205	99	16
193	206	98	19
193	207	98	19
193	208	98	19
193	209	98	19
193	210	101	19
193	211	102	19
193	212	102	20
193	213	102	21
193	214	102	22
193	215	102	24
193	216	102	24
193	217	104	20
193	218	112	10
194	146	323	29
194	147	323	29
194	148	322	30
194	149	322	30
194	150	322	30
194	151	322	33
194	152	322	35
194	153	322	36
194	154	322	39
194	155	322	40
194	156	318	13
194	156	340	22
194	157	318	13
194	157	340	23
194	158	318	13
194	158	348	6
194	159	318	12
194	160	318	11
194	161	318	9
194	162	318	9
194	163	318	8
194	164	318	7
194	165	318	7
194	166	318	7
194	167	318	4
194	168	318	4
194	169	318	4
194	170	318	4
194	171	318	4
194	172	318	4
194	173	318	4
194	174	318	4
194	175	318	4
194	176	318	4
194	177	318	4
194	178	318	4
194	179	318	4
194	180	318	4
195	230	190	3
195	231	189	4
195	232	189	4
195	233	189	6
195	233	203	1
195	234	190	6
195	234	200	4
195	235	190	14
195	236	185	21
195	237	184	21
195	238	184	20
195	239	184	17
195	240	184	15
195	241	184	15
195	242	180	20
195	243	180	21
195	244	178	23
195	245	178	24
195	246	178	25
195	247	178	25
195	248	178	25
195	249	178	25
195	250	178	25
195	251	178	25
195	252	178	24
195	253	178	23
195	254	178	24
195	255	178	24
195	256	179	23
195	257	180	22
195	258	181	21
195	259	182	20
195	260	183	19
196	120	303	1
196	121	303	3
196	122	303	3
196	123	303	3
196	124	302	4
196	125	302	4
196	126	298	8
196	127	298	8
196	128	298	8
196	129	298	8
196	130	298	9
196	131	296	11
196	132	295	13
196	133	294	14
196	134	294	14
196	135	294	14
196	136	294	14
196	137	295	13
196	138	295	13
196	139	295	13
196	140	295	12
196	141	295	11
196	142	295	11
196	143	295	11
196	144	295	11
196	145	295	11
197	122	306	1
197	123	306	4
197	124	306	7
197	125	306	17
197	126	306	17
197	127	306	17
197	128	306	17
197	129	306	17
197	130	307	16
197	131	307	16
197	132	308	15
197	133	308	15
197	134	308	16
197	135	308	16
197	136	308	16
197	137	308	16
197	138	308	16
197	139	308	16
197	140	307	18
197	141	306	21
197	142	306	21
197	143	306	21
197	144	306	20
197	145	306	20
197	146	306	17
197	147	306	17
197	148	306	16
197	149	306	16
197	150	306	16
197	151	306	16
197	152	306	16
197	153	307	15
197	154	310	12
197	155	310	12
197	156	310	8
197	157	314	4
200	458	323	5
200	459	322	7
200	460	322	9
200	461	322	12
200	466	400	14
200	467	400	14
200	468	400	14
200	469	400	14
200	470	400	14
200	471	400	14
200	472	356	12
200	472	375	39
200	473	356	58
200	474	356	58
200	475	356	58
200	476	356	58
200	477	356	58
200	478	356	58
200	479	356	58
200	480	356	60
200	481	356	60
200	482	356	60
200	483	356	60
200	484	356	60
200	485	356	60
200	486	356	60
200	487	356	60
200	488	356	60
200	489	356	60
200	490	356	60
200	491	356	60
200	492	356	60
200	493	356	60
200	494	356	60
200	495	356	60
200	496	356	60
200	497	356	60
200	498	306	13
200	498	324	92
200	499	306	110
200	500	306	110
200	501	306	110
200	502	306	110
200	503	306	110
200	504	306	110
200	505	306	110
200	506	306	110
200	507	306	110
200	508	306	110
200	509	306	110
200	510	306	110
200	511	306	110
200	512	306	110
200	513	306	110
200	514	306	110
200	515	306	110
200	516	306	110
200	517	306	110
200	518	306	110
200	519	306	110
200	520	306	110
200	521	306	110
200	522	306	110
200	523	306	110
200	524	306	110
200	525	306	110
200	526	306	110
200	527	306	110
200	528	306	110
200	529	306	110
200	530	306	110
200	531	306	110
200	532	306	110
200	533	306	110
200	534	306	110
200	535	306	110
200	536	306	110
200	537	306	110
200	538	306	110
200	539	306	110
200	540	306	110
200	541	306	110
200	542	306	110
200	543	306	110
200	544	306	110
200	545	306	110
200	546	306	110
200	547	306	110
200	548	306	110
200	549	306	110
200	550	306	110
200	551	306	110
200	552	306	110
200	553	306	110
200	554	306	110
200	555	306	110
200	556	306	110
200	557	306	110
200	558	306	110
200	559	306	110
201	496	278	9
201	497	276	11
201	498	272	34
201	499	265	41
201	500	263	43
201	501	259	47
201	502	259	47
201	503	259	47
201	504	259	47
201	505	259	47
201	506	259	47
201	507	259	47
201	508	259	47
201	509	259	47
201	510	259	47
201	511	256	50
201	512	256	50
201	513	256	50
201	514	256	50
201	515	256	50
201	516	256	50
201	517	256	50
201	518	256	50
201	519	256	50
201	520	256	50
201	521	256	50
201	522	256	50
201	523	256	50
201	524	256	50
201	525	256	50
201	526	256	50
201	527	256	50
201	528	224	82
201	529	224	82
201	530	224	82
201	531	224	82
201	532	224	82
201	533	224	82
201	534	224	82
201	535	224	82
201	536	224	82
201	537	224	82
201	538	224	82
201	539	224	82
201	540	224	82
201	541	224	82
201	542	224	82
201	543	224	82
201	544	224	82
201	545	224	82
201	546	224	82
201	547	224	82
201	548	224	82
201	549	224	82
201	550	224	82
201	551	224	82
201	552	224	82
201	553	224	82
201	554	224	82
201	555	224	82
201	556	224	82
201	557	224	82
201	558	224	82
201	559	224	82
202	400	393	23
202	401	394	22
202	402	394	22
202	403	395	21
202	404	396	20
202	405	396	20
202	406	397	19
202	407	398	18
202	408	398	18
202	409	398	18
202	410	398	18
202	411	398	18
202	412	398	18
202	413	398	18
202	414	398	18
202	415	398	18
202	416	398	18
202	417	398	18
202	418	396	20
202	419	394	22
202	420	393	23
202	421	393	23
202	422	392	24
202	423	391	25
202	424	379	37
202	425	379	37
202	426	379	37
202	427	379	37
202	428	379	37
202	429	379	37
202	430	325	29
202	430	379	37
202	431	325	29
202	431	379	37
202	432	325	29
202	432	379	37
202	433	325	29
202	433	379	37
202	434	326	28
202	434	379	37
202	435	326	28
202	435	379	37
202	436	326	28
202	436	379	37
202	437	326	28
202	437	379	37
202	438	326	29
202	438	379	37
202	439	326	30
202	439	379	37
202	440	326	30
202	440	379	37
202	441	322	35
202	441	378	38
202	442	322	35
202	442	377	39
202	443	322	35
202	443	376	40
202	444	322	35
202	444	381	35
202	445	322	35
202	445	391	25
202	446	322	35
202	446	393	23
202	447	322	35
202	447	394	22
202	448	322	35
202	448	394	22
202	449	322	35
202	449	394	22
202	450	322	35
202	450	394	22
202	451	322	34
202	451	393	23
202	452	322	34
202	452	393	23
202	453	322	34
202	453	393	23
202	454	322	34
202	454	393	23
202	455	322	33
202	455	393	23
202	456	322	33
202	456	393	23
202	457	322	32
202	457	392	24
202	458	322	1
202	458	328	26
202	458	392	24
202	459	329	24
202	459	392	24
202	460	331	21
202	460	392	24
202	461	392	24
202	462	392	24
202	463	392	24
202	464	392	24
202	465	392	24
202	466	414	2
202	467	414	2
202	468	414	2
202	469	414	2
202	470	414	2
202	471	414	2
202	472	414	2
202	473	414	2
202	474	414	2
202	475	414	2
202	476	414	2
202	477	414	2
202	478	414	2
202	479	414	2
204	366	300	24
204	367	300	24
204	368	300	24
204	369	300	24
204	370	299	25
204	371	298	26
204	372	298	26
204	373	298	26
204	374	298	26
204	375	298	26
204	376	298	27
204	377	298	27
204	378	298	27
204	379	298	27
204	380	298	28
204	381	298	28
204	382	298	28
204	383	298	28
204	384	298	28
204	385	298	17
204	385	320	6
204	386	301	3
204	386	321	5
205	366	324	30
205	367	324	30
205	368	324	30
205	369	324	30
205	370	324	30
205	371	324	30
205	372	324	30
205	373	324	30
205	374	324	30
205	375	324	28
205	376	325	27
205	377	325	27
205	378	325	26
205	379	325	26
205	380	326	25
205	381	326	25
205	382	326	25
205	383	326	25
205	384	326	15
205	384	345	2
206	152	136	3
206	153	136	3
206	154	136	10
206	155	136	10
206	156	137	13
206	157	137	17
206	158	137	21
206	159	137	21
206	160	137	21
206	161	137	21
206	162	138	20
206	163	140	18
206	164	140	18
206	165	139	19
206	166	139	19
206	167	139	18
206	168	139	18
206	169	139	18
206	170	149	8
206	171	156	1
207	146	174	4
207	147	174	5
207	148	174	6
207	149	174	8
207	150	174	10
207	151	174	11
207	152	174	13
207	153	174	13
207	154	174	13
207	155	174	13
207	156	174	13
207	157	174	13
207	158	174	13
207	159	174	13
207	160	158	5
207	160	171	16
207	161	158	5
207	161	171	16
207	162	158	29
207	163	158	29
207	164	158	29
207	165	158	29
207	166	158	29
207	167	157	30
207	168	157	30
207	169	157	29
207	170	157	27
207	171	157	27
207	172	157	26
207	173	162	21
209	258	210	21
209	259	210	21
209	260	202	29
209	261	183	48
209	262	182	49
209	263	180	51
209	264	181	50
209	265	182	49
209	266	183	48
209	267	184	47
209	268	184	47
209	269	185	46
209	270	186	45
209	271	187	45
209	272	190	44
209	273	191	44
209	274	192	44
209	275	193	43
209	276	194	42
209	277	198	38
209	278	199	36
209	279	200	34
209	280	200	33
209	281	199	33
209	282	200	31
209	283	200	31
209	284	202	28
209	285	203	27
209	286	206	23
209	287	208	20
209	288	210	15
209	289	211	9
209	290	212	7
209	291	213	2
210	242	251	3
210	242	286	5
210	243	250	4
210	243	286	5
210	244	249	5
210	244	285	6
210	245	249	5
210	245	285	6
210	246	233	3
210	246	248	6
210	246	284	7
210	247	232	5
210	247	245	9
210	247	284	7
210	248	226	12
210	248	242	12
210	248	283	8
210	249	226	28
210	249	281	10
210	250	226	32
210	250	279	12
210	251	226	33
210	251	278	13
210	252	226	65
210	253	226	65
210	254	226	65
210	255	226	65
210	256	226	65
210	257	226	65
210	258	231	60
210	259	231	60
210	260	231	60
210	261	231	60
210	262	231	60
210	263	231	60
210	264	231	60
210	265	231	60
210	266	231	60
210	267	231	60
210	268	231	60
210	269	231	60
210	270	231	60
210	271	232	59
210	272	234	57
210	273	235	56
210	274	236	55
210	275	236	55
210	276	236	55
210	277	236	55
210	278	235	56
210	279	234	57
210	280	233	58
210	281	232	59
210	282	231	60
210	283	231	60
210	284	230	61
210	285	230	61
210	286	229	62
210	287	228	63
210	288	208	2
210	288	225	66
210	289	208	3
210	289	220	71
210	290	208	4
210	290	219	72
210	291	208	5
210	291	215	76
210	292	208	83
210	293	208	83
210	294	208	83
210	295	208	83
210	296	208	78
210	297	209	77
210	298	209	77
210	299	209	77
210	300	210	76
210	301	210	76
210	302	210	76
210	303	211	75
210	304	211	75
210	305	211	75
210	306	211	75
210	307	208	78
210	308	208	78
210	309	208	78
210	310	208	78
210	311	208	78
210	312	208	78
210	313	208	78
210	314	208	78
210	315	208	78
210	316	208	78
210	317	208	78
210	318	208	78
210	319	208	78
210	320	208	78
210	321	208	78
210	322	208	78
210	323	208	78
210	324	208	78
210	325	208	78
210	326	208	78
210	327	208	78
210	328	208	78
210	329	208	78
210	330	208	78
210	331	208	78
210	332	208	78
210	333	208	78
211	210	291	27
211	211	291	27
211	212	291	31
211	213	291	31
211	214	291	47
211	215	291	47
211	216	291	47
211	217	291	47
211	218	291	47
211	219	291	47
211	220	291	47
211	221	291	47
211	222	291	47
211	223	291	47
211	224	291	47
211	225	291	47
211	226	291	47
211	227	291	47
211	228	291	47
211	229	291	47
211	230	291	47
211	231	291	47
211	232	291	47
211	233	291	47
211	234	291	47
211	235	291	47
211	236	291	47
211	237	291	47
211	238	291	47
211	239	291	47
211	240	291	70
211	241	291	70
211	242	291	70
211	243	291	70
211	244	291	70
211	245	291	70
211	246	291	70
211	247	291	70
211	248	291	70
211	249	291	70
211	250	291	70
211	251	291	70
211	252	291	70
211	253	291	15
211	253	350	11
211	254	291	15
211	254	350	11
211	255	291	15
211	255	350	11
211	256	291	15
211	256	350	11
211	257	291	15
211	257	350	11
211	258	291	15
211	258	350	11
211	259	291	15
211	259	350	11
211	260	291	15
211	260	350	11
211	261	291	15
211	261	350	11
211	262	291	15
211	262	350	11
211	263	291	15
211	263	350	11
211	264	291	15
211	264	350	11
211	265	291	15
211	265	350	11
211	266	291	15
211	266	350	11
211	267	291	15
211	267	350	11
211	268	291	15
211	268	350	11
211	269	291	15
211	269	350	11
211	270	291	15
211	270	350	11
211	271	291	15
211	271	350	11
211	272	291	15
211	272	350	11
211	273	291	15
211	273	350	11
211	274	291	15
211	274	350	11
211	275	291	15
211	275	350	11
211	276	291	15
211	276	350	11
211	277	291	15
211	277	350	11
211	278	291	15
211	278	350	11
211	279	291	15
211	279	350	11
211	280	291	15
211	280	350	11
211	281	291	15
211	281	350	11
211	282	291	15
211	282	350	11
211	283	291	15
211	283	350	11
211	284	291	15
211	284	350	11
211	285	291	15
211	285	350	11
211	286	291	15
211	286	350	11
211	287	291	15
211	287	350	11
211	288	291	15
211	288	350	11
211	289	291	15
211	289	350	11
211	290	291	15
211	290	350	11
211	291	291	15
211	291	350	11
211	292	291	15
211	292	350	11
211	293	291	15
211	293	350	11
211	294	291	15
211	294	350	11
211	295	291	15
211	295	350	11
212	334	208	78
212	335	208	78
212	336	210	76
212	337	210	76
212	338	270	16
212	339	270	16
212	340	270	16
212	341	270	16
212	342	270	16
212	343	270	16
212	344	270	16
212	345	270	16
212	346	270	16
212	347	270	16
212	348	270	16
212	349	270	16
212	350	270	16
212	351	270	16
212	352	270	16
212	353	270	16
212	354	270	16
212	355	270	16
212	356	270	16
212	357	270	16
212	358	270	16
212	359	270	16
212	360	270	16
212	361	270	16
212	362	270	16
212	363	270	16
212	364	270	16
212	365	270	16
212	366	270	16
212	367	270	16
212	368	270	16
212	369	270	16
212	370	270	16
212	371	270	28
212	372	270	28
212	373	270	28
212	374	270	28
212	375	270	28
212	376	270	28
212	377	270	28
212	378	270	28
212	379	270	28
212	380	270	28
212	381	270	28
212	382	210	88
212	383	210	88
212	384	210	88
212	385	210	88
212	386	210	91
212	387	210	91
212	388	210	91
212	389	210	91
212	390	210	91
212	391	210	91
212	392	210	91
212	393	210	91
212	394	210	91
212	395	210	92
212	396	210	92
212	397	242	60
212	398	242	60
212	399	242	60
212	400	242	60
212	401	242	60
212	402	270	32
212	403	270	32
212	404	270	32
212	405	270	32
212	406	270	32
212	407	270	32
212	408	270	32
212	409	270	32
212	410	270	32
212	411	270	32
213	296	286	20
213	296	350	11
213	297	286	20
213	297	350	11
213	298	286	20
213	298	350	11
213	299	286	20
213	299	350	11
213	300	286	20
213	300	350	11
213	301	286	20
213	301	350	11
213	302	286	20
213	302	350	11
213	303	286	20
213	303	350	11
213	304	286	20
213	304	350	11
213	305	286	20
213	305	350	11
213	306	286	20
213	306	350	11
213	307	286	20
213	307	350	11
213	308	286	20
213	308	350	11
213	309	286	20
213	309	350	11
213	310	286	20
213	310	350	11
213	311	286	20
213	311	350	11
213	312	286	20
213	312	350	11
213	313	286	20
213	313	350	11
213	314	286	20
213	314	350	11
213	315	286	20
213	315	350	11
213	316	286	20
213	316	350	11
213	317	286	20
213	317	350	11
213	318	286	75
213	319	286	75
213	320	286	75
213	321	286	75
213	322	286	75
213	323	286	75
213	324	286	75
213	325	286	75
213	326	286	75
213	327	286	75
213	328	286	75
213	329	286	75
213	330	286	75
213	331	286	75
213	332	286	75
213	333	286	75
213	334	286	75
213	335	286	75
213	336	286	75
213	337	286	75
213	338	286	75
213	339	286	75
213	340	286	75
213	341	286	75
213	342	286	75
213	343	286	75
213	344	286	75
213	345	286	75
213	346	286	75
213	347	286	75
213	348	286	75
213	349	286	75
213	350	286	75
213	351	286	75
213	352	286	75
213	353	286	75
213	354	286	75
213	355	286	75
213	356	286	75
213	357	286	75
213	358	286	75
213	359	286	75
213	360	286	75
213	361	286	75
213	362	286	75
213	363	286	75
213	364	286	75
213	365	286	68
213	366	286	14
213	367	286	14
213	368	286	14
213	369	286	14
213	370	286	13
214	242	361	37
214	243	361	37
214	244	361	37
214	245	361	37
214	246	361	37
214	247	361	37
214	248	361	37
214	249	361	37
214	250	361	37
214	251	361	37
214	252	361	37
214	253	361	37
214	254	361	37
214	255	361	37
214	256	361	37
214	257	361	37
214	258	361	69
214	259	361	69
214	260	361	69
214	261	361	69
214	262	361	69
214	263	361	69
214	264	361	69
214	265	361	69
214	266	361	69
214	267	361	69
214	268	361	69
214	269	361	69
214	270	361	69
214	271	361	69
214	272	361	69
214	273	361	69
214	274	361	69
214	275	361	69
214	276	361	69
214	277	361	69
214	278	361	69
214	279	361	69
214	280	361	69
214	281	361	69
214	282	361	69
214	283	361	69
214	284	361	69
214	285	361	69
214	286	361	69
214	287	361	69
214	288	361	69
214	289	361	69
214	290	361	69
214	291	361	69
214	292	361	69
214	293	361	69
214	294	361	69
214	295	361	69
214	296	361	69
214	297	361	69
214	298	361	69
214	299	361	69
214	300	361	69
214	301	361	69
214	302	361	69
214	303	361	69
214	304	361	69
214	305	361	69
214	306	361	69
214	307	361	69
214	308	361	69
214	309	361	69
214	310	361	69
214	311	361	69
214	312	361	69
214	313	361	69
214	314	361	69
214	315	361	69
214	316	361	69
214	317	361	69
214	318	361	69
214	319	361	69
214	320	361	69
214	321	361	69
214	322	361	69
214	323	361	69
214	324	361	69
214	325	361	69
214	326	361	69
214	327	361	69
214	328	361	69
214	329	361	69
214	330	361	69
214	331	361	69
214	332	361	69
214	333	361	69
215	334	361	69
215	335	361	69
215	336	361	69
215	337	361	69
215	338	361	69
215	339	361	69
215	340	361	69
215	341	361	69
215	342	361	69
215	343	361	69
215	344	361	69
215	345	361	69
215	346	361	69
215	347	361	69
215	348	361	69
215	349	361	69
215	350	361	69
215	351	361	69
215	352	361	69
215	353	361	69
215	354	361	69
215	355	361	69
215	356	361	69
215	357	361	69
215	358	361	69
215	359	361	69
215	360	361	69
215	361	361	69
215	362	361	69
215	363	361	69
215	364	361	69
215	365	354	76
215	366	354	76
215	367	354	76
215	368	354	76
215	369	354	76
215	370	356	74
215	371	357	73
215	372	358	72
215	373	359	71
215	374	360	70
215	375	361	69
215	376	362	68
215	377	363	67
215	378	364	66
215	379	372	58
215	380	374	56
215	381	374	56
215	382	374	56
215	383	374	56
215	384	374	56
215	385	374	56
215	386	377	53
215	387	377	53
215	388	378	52
215	389	379	51
215	390	381	49
215	391	382	48
215	392	382	48
215	393	381	49
215	394	381	49
215	395	380	50
216	196	376	2
216	197	376	3
216	198	374	5
216	199	373	7
216	200	371	10
216	201	369	13
216	202	352	31
216	203	352	31
216	204	350	34
216	205	349	35
216	206	347	37
216	207	347	37
216	208	347	37
216	209	347	37
216	210	344	40
216	211	344	40
216	212	342	42
216	213	342	42
216	214	338	46
216	215	338	46
216	216	338	46
216	217	338	46
216	218	338	46
216	219	338	46
216	220	338	46
216	221	338	39
216	221	379	5
216	222	338	39
216	222	379	5
216	223	338	39
216	223	380	4
216	224	338	39
216	224	381	9
216	225	338	39
216	225	381	14
216	226	338	39
216	226	382	14
216	227	338	39
216	227	382	13
216	228	338	39
216	228	382	12
216	229	338	39
216	229	382	10
216	230	338	39
216	230	383	7
216	231	338	39
216	231	383	4
216	232	338	39
216	233	338	39
216	234	338	39
216	235	338	38
216	236	338	38
216	237	338	38
216	238	338	37
216	239	338	37
217	208	404	28
217	209	404	28
217	210	401	31
217	211	401	31
217	212	401	31
217	213	398	34
217	214	396	36
217	215	395	37
217	216	394	38
217	217	394	38
217	218	393	39
217	219	392	40
217	220	391	41
217	221	377	2
217	221	386	46
217	222	377	2
217	222	387	45
217	223	377	3
217	223	388	44
217	224	377	4
217	224	390	40
217	225	377	4
217	225	395	33
217	226	377	5
217	226	396	30
217	227	377	5
217	227	395	30
217	228	377	5
217	228	394	30
217	229	377	5
217	229	392	30
217	230	377	6
217	230	390	31
217	231	377	6
217	231	387	32
217	232	377	41
217	233	377	40
217	234	377	38
217	235	376	38
217	236	376	36
217	237	376	34
217	238	375	35
217	239	375	33
217	240	361	45
217	241	361	44
218	105	146	60
218	106	146	60
218	107	146	60
218	108	146	60
218	109	146	60
218	110	146	60
218	111	146	60
218	112	146	60
218	113	146	60
218	114	146	60
218	115	146	60
218	116	146	60
218	117	147	59
218	118	147	59
218	119	147	59
218	120	147	59
218	121	147	59
218	122	147	59
218	123	147	59
218	124	147	59
218	125	163	43
218	126	168	38
218	127	168	38
218	128	168	38
218	129	168	38
218	130	169	37
218	131	170	36
218	132	170	36
218	133	171	35
218	134	171	35
218	135	171	35
218	136	171	35
218	137	171	35
218	138	172	34
218	139	173	33
218	140	174	32
218	141	174	32
218	142	174	32
218	143	174	32
218	144	174	32
218	145	174	32
218	146	178	28
218	147	179	27
218	148	180	26
218	149	182	24
218	150	184	22
218	151	185	21
218	152	187	19
218	153	201	5
218	154	201	5
218	155	201	5
218	156	201	5
219	105	206	38
219	106	206	38
219	107	206	38
219	108	206	27
219	109	206	26
219	110	206	25
219	111	206	25
219	112	206	25
219	113	206	25
219	114	206	24
219	115	206	23
219	116	206	23
219	117	206	23
219	118	206	23
219	119	206	23
219	120	206	23
219	121	206	23
219	122	206	23
219	123	206	23
219	124	206	23
219	125	206	23
219	126	206	23
219	127	206	23
219	128	206	23
219	129	206	23
219	130	206	24
219	131	206	5
219	132	206	5
219	133	206	5
219	134	206	5
219	135	206	5
219	136	206	5
219	137	206	5
219	138	206	5
219	139	206	5
219	140	206	5
219	141	206	5
219	142	206	5
219	143	206	5
219	144	206	5
219	145	206	5
219	146	206	5
219	147	206	5
219	148	206	5
219	149	206	5
219	150	206	5
219	151	206	5
219	152	206	5
219	153	206	5
219	154	206	5
219	155	206	5
219	156	206	5
221	194	201	21
221	195	201	21
221	196	203	19
221	197	203	19
221	198	203	19
221	199	204	18
221	200	204	18
221	201	204	22
221	202	204	22
221	202	252	2
221	203	204	22
221	203	251	3
221	204	204	50
221	205	204	50
221	206	204	50
221	207	204	50
221	208	204	50
221	209	204	50
221	210	204	18
221	210	245	9
221	211	204	18
221	211	246	8
221	212	204	10
221	212	218	4
221	212	247	7
221	213	204	9
221	214	211	2
226	80	172	34
226	81	172	34
226	82	171	35
226	83	171	35
226	84	169	37
226	85	168	38
226	86	168	38
226	87	167	39
226	88	166	40
226	89	165	41
226	90	165	41
226	91	163	43
226	92	162	44
226	93	160	46
226	94	159	47
226	95	158	48
226	96	156	50
226	97	155	51
226	98	153	103
226	99	152	103
226	100	151	100
226	101	150	99
226	102	149	98
226	103	148	97
226	104	147	97
227	336	208	2
227	337	208	2
227	338	208	2
227	339	208	2
227	340	208	2
227	341	208	2
227	342	208	2
227	343	208	2
227	344	208	2
227	345	208	2
227	346	208	2
227	347	208	2
227	348	208	2
227	349	208	2
227	350	208	2
227	351	208	2
227	352	208	2
227	353	208	2
227	354	208	2
227	355	208	2
227	356	208	2
227	357	208	2
227	358	208	2
227	359	208	2
227	360	208	2
227	361	208	2
227	362	208	2
227	363	208	2
227	364	208	2
227	365	208	2
227	366	208	2
227	367	208	2
227	368	208	2
227	369	208	2
227	370	208	2
227	371	208	2
227	372	208	2
227	373	208	2
227	374	208	2
227	375	208	2
227	376	208	2
227	377	208	2
227	378	208	2
227	379	208	2
227	380	208	2
227	381	208	2
227	382	208	2
227	383	208	2
227	384	192	18
227	385	192	18
227	386	192	18
227	387	192	18
227	388	192	18
227	389	192	18
227	390	192	18
227	391	192	18
227	392	192	18
227	393	192	18
227	394	192	18
227	395	192	18
227	396	192	18
227	397	192	16
227	398	192	14
227	399	192	14
227	400	192	14
227	401	192	14
227	402	192	8
227	403	192	8
227	404	192	7
227	405	192	7
227	406	192	7
227	407	192	7
227	408	192	7
227	409	192	7
227	410	192	7
227	411	192	6
227	412	192	6
227	413	192	6
227	414	192	6
227	415	192	6
227	416	192	6
227	417	192	6
227	418	192	6
227	419	192	6
227	420	192	6
227	421	192	6
227	422	192	6
227	423	192	6
227	424	192	6
227	425	192	6
227	426	192	6
227	427	192	6
227	428	192	6
227	429	192	6
227	430	192	6
227	431	192	6
227	432	192	6
227	433	192	6
227	434	192	6
227	435	192	6
227	436	192	6
227	437	192	6
227	438	192	6
227	439	192	6
227	440	192	6
227	441	192	6
227	442	192	6
227	443	192	6
227	444	192	6
227	445	192	6
227	446	192	6
227	447	192	6
228	291	430	2
228	292	430	2
228	293	430	2
228	294	430	2
228	295	430	2
228	296	430	2
228	297	430	2
228	298	430	2
228	299	430	2
228	300	430	2
228	301	430	2
228	302	430	2
228	303	430	2
228	304	430	2
228	305	430	2
228	306	430	2
228	307	430	2
228	308	430	2
228	309	430	2
228	310	430	2
228	311	430	2
228	312	430	2
228	313	430	2
228	314	430	2
228	315	430	2
228	316	430	2
228	317	430	2
228	318	430	2
228	319	430	2
228	320	430	2
228	321	430	2
228	322	430	2
228	323	430	2
228	324	430	2
228	325	430	2
228	326	430	2
228	327	430	2
228	328	430	2
228	329	430	2
228	330	430	2
228	331	430	2
228	332	430	2
228	333	430	2
228	334	430	2
228	335	430	2
228	336	430	2
228	337	430	2
228	338	430	2
228	339	430	2
228	340	430	2
228	341	430	2
228	342	430	2
228	343	430	2
228	344	430	2
228	345	430	2
228	346	430	2
228	347	430	2
228	348	430	2
228	349	430	2
228	350	430	2
228	351	430	2
228	352	430	2
228	353	430	2
228	354	430	2
228	355	430	2
228	356	430	2
228	357	430	2
228	358	430	2
228	359	430	2
228	360	430	2
228	361	430	2
228	362	430	2
228	363	430	2
228	364	430	2
228	365	430	2
228	366	430	2
228	367	430	2
228	368	430	2
228	369	430	2
228	370	430	2
228	371	430	2
228	372	430	2
228	373	430	2
228	374	430	2
228	375	430	2
228	376	430	2
228	377	430	2
228	378	430	2
228	379	430	2
228	380	430	2
228	381	430	2
228	382	430	2
228	383	430	2
228	384	430	2
228	385	430	2
228	386	430	2
228	387	430	2
228	388	430	2
228	389	430	2
228	390	430	2
228	391	430	2
228	392	430	2
228	393	430	2
228	394	430	2
228	395	430	2
228	396	390	42
228	397	391	41
228	398	391	41
228	399	392	40
229	272	430	2
229	273	430	2
229	274	430	2
229	275	430	2
229	276	430	2
229	277	430	2
229	278	430	2
229	279	430	2
229	280	430	2
229	281	430	2
229	282	430	2
229	283	430	2
229	284	430	2
229	285	430	2
229	286	430	2
229	287	430	2
229	288	430	2
229	289	430	2
229	290	430	2
230	162	105	3
230	163	104	4
230	164	101	7
230	164	120	5
230	165	99	9
230	165	120	5
230	166	98	10
230	166	120	5
230	167	98	10
230	167	120	3
230	168	98	11
230	168	114	9
230	169	98	25
230	170	96	27
230	170	139	10
230	171	96	27
230	171	139	17
230	172	96	27
230	172	139	18
230	173	96	66
230	174	96	66
230	175	96	66
230	176	96	66
230	177	96	66
230	178	96	66
230	179	96	66
230	180	96	66
230	181	96	66
230	182	96	66
230	183	96	66
230	184	96	66
230	185	96	14
230	185	115	47
230	186	96	9
230	186	119	43
230	187	96	6
230	187	121	37
230	188	96	5
230	188	123	21
230	188	148	3
230	188	153	4
230	189	96	4
230	189	123	18
230	190	96	2
230	190	124	11
230	191	96	2
230	191	125	10
230	192	96	2
230	192	126	8
230	193	96	2
231	176	392	8
231	177	392	8
231	178	389	11
231	178	409	5
231	179	389	13
231	179	405	9
231	180	389	25
231	181	389	25
231	182	389	29
231	183	390	28
231	184	390	29
231	185	390	30
231	186	389	32
231	187	389	40
231	188	388	40
231	189	385	40
231	190	384	41
231	191	383	43
231	192	382	45
231	193	381	46
231	194	381	46
231	195	379	49
231	196	378	51
231	197	379	50
231	198	379	47
231	199	380	46
231	200	381	44
231	201	382	36
231	202	383	33
231	203	383	33
231	204	384	32
231	205	384	32
231	206	384	32
231	207	384	31
231	208	384	20
231	209	384	20
231	210	384	17
231	211	384	17
231	212	384	17
231	213	384	14
231	214	384	12
231	215	384	11
231	216	384	10
231	217	384	10
231	218	384	9
231	219	384	8
231	220	384	7
231	221	384	2
231	222	384	3
231	223	384	4
233	385	315	5
233	386	304	17
233	387	301	22
233	388	301	22
233	389	301	22
233	390	301	22
233	391	301	22
233	392	301	22
233	393	301	22
233	394	301	22
233	395	302	21
233	396	302	21
233	397	302	21
234	384	341	4
234	385	326	21
234	386	326	21
234	387	323	25
234	388	323	25
234	389	323	25
234	390	323	25
234	391	323	25
234	392	323	25
234	393	323	25
234	394	323	25
234	395	323	25
234	396	323	16
234	397	323	14
234	398	322	12
234	399	322	12
234	400	322	12
234	401	322	12
234	402	324	7
242	84	435	8
242	85	435	11
242	86	435	15
242	87	434	19
242	88	434	20
242	89	434	21
242	90	435	21
242	91	436	21
242	92	437	21
242	93	437	21
242	94	438	21
242	95	438	21
242	96	438	21
242	97	438	21
242	98	438	21
242	99	438	21
242	100	438	2
242	100	444	15
242	101	444	2
242	101	450	9
242	102	450	9
242	103	450	9
242	104	450	9
242	105	450	9
242	106	450	5
243	100	440	4
243	101	419	3
243	101	438	6
243	101	446	4
243	102	418	4
243	102	437	13
243	103	418	4
243	103	437	13
243	104	419	3
243	104	437	13
243	105	420	3
243	105	437	13
243	106	418	5
243	106	437	13
243	107	418	37
243	108	418	37
243	109	418	36
243	110	418	36
243	111	418	36
243	112	418	35
243	113	418	35
243	114	414	37
243	115	414	34
243	116	414	33
243	117	413	33
243	118	413	32
243	119	413	32
243	120	413	31
243	121	413	30
243	122	413	29
243	123	413	29
243	124	413	29
243	125	413	29
243	126	413	29
243	127	413	29
243	128	413	29
243	129	413	29
243	130	413	21
243	131	413	21
243	132	416	18
243	133	416	18
243	134	418	5
244	187	158	4
244	188	157	5
244	189	154	9
244	190	154	9
244	191	154	9
244	192	154	9
244	193	154	9
244	194	157	8
244	195	157	9
244	196	157	10
244	197	157	13
244	198	157	15
244	198	177	1
244	199	157	21
244	200	156	22
244	201	156	22
244	202	156	22
244	203	156	22
244	204	156	21
244	205	156	21
244	206	156	21
244	207	156	21
244	208	156	21
244	209	156	21
244	210	158	19
244	211	158	17
244	212	160	2
244	212	172	2
244	213	160	2
245	125	150	13
245	126	150	18
245	127	150	18
245	128	150	18
245	129	150	18
245	130	148	21
245	131	148	22
245	132	147	23
245	133	146	25
245	134	146	25
245	135	144	27
245	136	144	27
245	137	144	27
245	138	144	28
245	139	144	29
245	140	144	30
245	141	144	30
245	142	144	30
245	143	144	30
245	144	142	32
245	145	142	32
245	146	142	32
245	147	142	32
245	148	142	32
245	149	142	32
245	150	142	32
245	151	142	32
245	152	142	32
245	153	142	32
245	154	146	28
245	155	146	28
245	156	150	24
245	157	154	20
245	158	158	16
245	159	158	16
245	160	163	8
245	161	163	8
246	150	386	2
246	151	386	4
246	152	386	5
246	153	386	6
246	154	386	6
246	155	386	7
246	156	382	11
246	157	382	12
246	158	381	14
246	159	381	17
246	160	381	18
246	161	381	19
246	162	381	32
246	163	381	32
246	164	380	32
246	165	380	32
246	166	380	32
246	167	380	32
246	168	379	32
246	169	379	32
246	170	379	32
246	171	380	31
246	172	382	29
246	173	387	24
246	174	392	19
246	175	392	19
246	176	400	11
246	177	400	11
246	178	400	9
246	179	402	3
247	91	412	4
247	92	410	7
247	93	409	9
247	94	409	13
247	95	409	13
247	96	408	14
247	97	399	23
247	98	398	24
247	99	397	25
247	100	391	31
247	101	391	28
247	102	391	27
247	103	391	27
247	104	391	28
247	105	389	31
247	106	388	30
247	107	388	30
247	108	388	30
247	109	388	30
247	110	388	30
247	111	388	30
247	112	391	27
247	113	391	27
247	114	397	17
247	115	397	17
247	116	397	17
247	117	397	16
247	118	398	15
247	119	398	15
247	120	398	15
247	121	398	15
247	122	398	15
247	123	401	12
247	124	401	12
247	125	401	12
247	126	401	12
247	127	401	12
247	128	401	12
247	129	401	12
247	130	401	12
247	131	401	12
248	136	117	13
248	137	117	13
248	138	116	14
248	139	116	14
248	140	116	14
248	141	116	14
248	142	117	13
248	143	117	13
248	144	117	13
248	145	117	13
248	146	116	14
248	147	116	14
248	148	115	15
248	149	109	21
248	150	109	21
248	151	109	21
248	152	109	21
248	153	109	20
248	154	109	19
248	155	109	17
248	156	109	17
248	157	109	17
248	158	107	19
248	159	107	19
248	160	107	19
248	161	107	19
248	162	108	18
248	163	108	18
248	164	108	12
248	165	108	12
248	166	108	12
248	167	108	12
248	168	109	5
249	80	64	48
249	81	64	48
249	82	64	49
249	83	64	50
249	84	64	50
249	85	64	50
249	86	64	52
249	87	64	54
249	88	64	55
249	89	64	56
249	90	64	57
249	91	64	58
249	92	64	60
249	93	64	60
249	94	64	61
249	95	64	63
249	96	64	92
249	97	64	91
249	98	64	89
249	99	64	88
249	100	64	87
249	101	64	86
249	102	64	85
249	103	64	84
249	104	64	83
249	105	64	82
249	106	64	82
249	107	64	82
249	108	64	82
249	109	64	82
249	110	64	82
249	111	64	82
249	112	64	82
249	113	64	82
249	114	64	82
249	115	64	82
249	116	64	82
249	117	64	77
249	118	64	77
249	119	64	44
249	120	64	44
249	121	64	44
249	122	64	41
249	122	106	2
249	123	64	41
249	123	107	1
249	124	64	20
249	124	103	2
249	125	64	16
249	125	104	1
249	126	64	14
249	127	64	12
250	48	128	64
250	49	128	64
250	50	128	64
250	51	128	64
250	52	128	64
250	53	128	64
250	54	128	64
250	55	128	64
250	56	128	64
250	57	128	64
250	58	128	64
250	59	128	64
250	60	128	64
250	61	128	64
250	62	128	64
250	63	128	64
250	64	112	80
250	65	112	80
250	66	112	80
250	67	112	80
250	68	112	80
250	69	112	80
250	70	112	80
250	71	112	80
250	72	112	80
250	73	112	80
250	74	112	80
250	75	112	80
250	76	112	80
250	77	112	80
250	78	112	80
250	79	112	80
250	80	112	60
250	81	112	60
250	82	113	58
250	83	114	57
250	84	114	55
250	85	114	54
250	86	116	52
250	87	118	49
250	88	119	47
250	89	120	45
250	90	121	44
250	91	122	41
250	92	124	38
250	93	124	36
250	94	125	34
250	95	127	31
251	46	206	52
251	47	206	52
251	48	206	52
251	49	206	52
251	50	206	52
251	51	206	52
251	52	206	52
251	53	206	52
251	54	206	52
251	55	206	52
251	56	206	52
251	57	206	52
251	58	206	52
251	59	206	52
251	60	206	52
251	61	206	52
251	62	206	52
251	63	206	52
251	64	206	52
251	65	206	52
251	66	206	52
251	67	206	52
251	68	206	52
251	69	206	52
251	70	206	52
251	71	206	52
251	72	206	52
251	73	206	52
251	74	206	52
251	75	206	52
251	76	206	52
251	77	206	52
251	78	206	52
251	79	206	52
251	80	206	52
251	81	206	52
251	82	206	52
251	83	206	52
251	84	206	52
251	85	206	52
251	86	206	52
251	87	206	52
251	88	206	52
251	89	206	52
251	90	206	52
251	91	206	52
251	92	206	52
251	93	206	52
251	94	206	52
251	95	206	52
251	96	206	52
251	97	206	52
252	48	352	55
252	49	352	55
252	50	352	55
252	51	352	55
252	52	352	55
252	53	352	55
252	54	352	55
252	55	352	56
252	56	352	56
252	57	352	56
252	58	352	56
252	59	352	56
252	60	352	56
252	61	354	54
252	62	354	54
252	63	355	53
252	64	355	53
252	65	355	53
252	66	358	50
252	67	359	49
252	68	359	48
252	69	359	48
252	70	360	47
252	71	360	47
252	72	362	45
252	73	362	45
252	74	363	44
252	75	363	43
252	76	363	43
252	77	363	43
252	78	364	42
252	79	364	42
252	80	364	42
252	81	364	42
252	82	364	42
252	83	363	43
252	84	363	43
252	85	363	43
252	86	364	42
252	87	364	42
252	88	365	41
252	89	365	42
252	90	365	42
252	91	365	43
252	92	366	43
252	93	366	43
252	94	366	43
252	95	366	43
252	96	366	4
252	96	384	24
252	97	366	4
252	97	386	13
252	98	366	1
252	98	389	9
252	99	366	1
252	99	392	5
252	100	366	1
253	32	400	64
253	33	400	64
253	34	400	64
253	35	400	64
253	36	400	64
253	37	400	64
253	38	400	64
253	39	400	64
253	40	400	64
253	41	400	64
253	42	400	64
253	43	400	64
253	44	400	64
253	45	400	64
253	46	400	64
253	47	400	64
253	48	407	46
253	49	407	46
253	50	407	46
253	51	407	46
253	52	407	46
253	53	407	46
253	54	407	46
253	55	408	45
253	56	408	45
253	57	408	45
253	58	408	45
253	59	408	45
253	60	408	45
253	61	408	45
253	62	408	45
253	63	408	45
253	64	408	45
253	65	408	45
253	66	408	45
253	67	408	44
253	68	407	44
253	69	407	44
253	70	407	43
253	71	407	42
253	72	407	42
253	73	407	41
253	74	407	41
253	75	406	42
253	76	406	42
253	77	406	42
253	78	406	42
253	79	406	42
253	80	406	42
253	81	406	42
253	82	406	42
253	83	406	42
253	84	406	29
253	84	443	5
253	85	406	29
253	85	446	2
253	86	406	24
253	86	434	1
253	87	406	24
253	88	406	23
253	89	407	15
253	90	407	15
253	91	408	4
253	91	416	6
253	92	409	1
253	92	417	5
253	93	418	4
254	48	453	59
254	49	453	59
254	50	453	59
254	51	453	59
254	52	453	59
254	53	453	59
254	54	453	59
254	55	453	59
254	56	453	59
254	57	453	59
254	58	453	59
254	59	453	59
254	60	453	59
254	61	453	59
254	62	453	59
254	63	453	59
254	64	453	59
254	65	453	59
254	66	453	59
254	67	452	60
254	68	451	61
254	69	451	61
254	70	450	62
254	71	449	63
254	72	449	63
254	73	448	64
254	74	448	64
254	75	448	64
254	76	448	64
254	77	448	64
254	78	448	64
254	79	448	64
254	80	448	64
254	81	448	64
254	82	448	64
254	83	448	64
254	84	448	64
254	85	448	64
254	86	450	62
254	87	453	59
254	88	454	58
254	89	455	57
254	90	456	56
254	91	457	55
254	92	458	54
254	93	458	54
254	94	459	53
254	95	459	53
254	96	459	53
254	97	459	53
254	98	459	53
254	99	459	53
254	100	459	53
254	101	459	53
254	102	459	53
254	103	459	53
254	104	459	53
254	105	459	53
254	106	457	7
254	106	471	41
254	107	458	6
254	107	481	31
254	108	482	30
254	109	482	30
254	110	482	30
254	111	483	29
256	156	331	9
256	157	331	9
256	158	331	17
256	158	354	10
256	159	330	34
256	160	330	34
256	161	332	32
256	162	333	33
256	163	333	33
256	164	334	32
256	165	334	32
256	166	334	32
256	167	333	31
256	168	333	30
256	169	333	29
256	170	330	30
256	171	322	1
256	171	330	30
256	172	322	1
256	172	328	28
256	173	322	2
256	173	328	28
256	174	322	34
256	175	322	34
256	176	322	30
256	177	322	30
256	178	322	26
256	179	322	26
256	180	322	23
256	181	338	7
256	182	339	6
256	183	342	2
257	167	238	4
257	168	235	11
257	169	235	11
257	170	235	11
257	171	235	11
257	172	235	11
257	173	235	11
257	174	235	14
257	175	234	15
257	176	234	16
257	177	234	16
257	178	234	17
257	179	234	17
257	180	234	17
257	181	234	17
257	182	233	18
257	183	233	18
257	184	232	19
257	185	231	20
257	186	231	20
257	187	231	23
257	188	229	25
257	189	229	25
257	190	229	25
257	191	229	25
257	192	229	25
257	193	224	30
257	194	222	32
257	195	222	32
257	196	222	32
257	197	222	32
257	198	222	32
257	199	222	32
257	200	222	32
257	201	226	28
257	202	226	26
257	203	226	25
258	120	342	5
258	121	342	8
258	121	354	2
258	122	340	10
258	122	354	6
258	123	338	21
258	124	338	18
258	125	338	18
258	126	338	18
258	127	338	18
258	128	338	18
258	129	338	18
258	130	337	19
258	131	337	19
258	132	340	16
258	133	343	13
258	134	345	11
258	135	345	11
258	136	345	11
258	137	345	11
258	138	345	3
258	139	345	3
258	140	345	1
259	181	331	7
259	182	331	8
259	183	331	11
259	184	331	12
259	185	331	12
259	186	326	17
259	187	327	19
259	188	327	19
259	189	328	18
259	190	328	18
259	191	328	18
259	192	328	19
259	193	328	19
259	194	331	17
259	195	335	14
259	196	335	15
259	197	335	16
259	198	335	17
259	199	334	18
259	200	330	22
259	201	330	22
259	202	330	22
259	203	330	22
259	204	330	20
259	205	331	18
259	206	332	15
259	207	332	15
259	208	332	15
259	209	332	15
259	210	332	12
259	211	332	12
259	212	332	10
259	213	332	10
261	224	430	34
261	225	428	36
261	226	426	38
261	227	425	39
261	228	424	40
261	229	422	42
261	230	421	43
261	231	419	45
261	232	418	46
261	233	417	47
261	234	415	49
261	235	414	50
261	236	412	52
261	237	410	54
261	238	410	54
261	239	408	56
261	240	406	58
261	241	405	59
261	242	398	66
261	243	398	66
261	244	398	66
261	245	398	66
261	246	398	66
261	247	398	66
261	248	398	66
261	249	398	66
261	250	398	66
261	251	398	66
261	252	398	66
261	253	398	66
261	254	398	66
261	255	398	66
261	256	398	66
261	257	398	66
261	258	430	34
261	259	430	34
261	260	430	34
261	261	430	34
261	262	430	34
261	263	430	34
261	264	430	34
261	265	430	34
261	266	430	34
261	267	430	34
261	268	430	34
261	269	430	34
261	270	430	34
261	271	430	34
266	290	98	44
266	291	98	44
266	292	98	44
266	293	98	44
266	294	98	44
266	295	98	44
266	296	98	44
266	297	98	44
266	298	98	44
266	299	98	44
266	300	98	44
266	301	98	44
266	302	98	44
266	303	98	44
266	304	98	44
266	305	98	44
266	306	98	44
266	307	98	44
266	308	98	44
266	309	98	44
266	310	98	44
266	311	98	44
266	312	98	44
266	313	98	44
266	314	98	44
266	315	98	44
266	316	98	44
266	317	98	44
266	318	98	44
266	319	98	44
266	320	98	44
266	321	98	44
266	322	98	44
266	323	98	44
266	324	98	44
266	325	98	44
266	326	98	44
266	327	98	44
266	328	98	44
266	329	98	44
266	330	98	44
266	331	98	44
266	332	98	44
266	333	98	44
266	334	98	44
266	335	98	44
267	208	64	18
267	209	64	18
267	210	64	18
267	211	64	18
267	212	64	18
267	213	64	18
267	214	64	18
267	215	64	18
267	216	64	18
267	216	126	2
267	217	64	18
267	217	102	2
267	217	126	2
267	218	64	21
267	218	102	7
267	218	126	2
267	219	64	22
267	219	102	12
267	219	126	2
267	220	64	24
267	220	101	14
267	220	123	8
267	221	64	30
267	221	100	17
267	221	122	9
267	222	64	68
267	223	64	69
267	224	64	71
267	225	64	73
267	225	142	2
267	226	64	74
267	226	141	5
267	227	64	82
267	228	64	82
267	229	64	82
267	230	64	82
267	231	64	82
267	232	64	82
267	233	64	82
267	234	64	82
267	235	64	82
267	236	64	82
267	237	64	82
267	238	64	82
267	239	64	82
267	240	64	82
267	241	64	82
267	242	64	73
267	243	64	73
267	244	64	73
267	245	64	73
267	246	64	73
267	247	64	74
267	248	64	74
267	249	64	74
267	250	64	74
267	251	64	74
267	252	64	74
267	253	64	74
267	254	64	74
267	255	64	72
267	256	64	71
267	257	64	71
267	258	64	66
267	259	64	66
267	260	64	66
267	261	64	66
267	262	64	66
267	263	64	66
267	264	64	66
267	265	64	66
267	266	64	66
267	267	64	66
267	268	64	66
267	269	64	66
268	281	198	1
268	282	190	10
268	283	158	8
268	283	185	15
268	284	158	44
268	285	158	45
268	286	146	60
268	287	146	62
268	288	146	62
268	289	146	62
268	290	146	62
268	291	146	62
268	292	146	62
268	293	146	62
268	294	146	62
268	295	146	62
268	296	146	62
268	297	146	63
268	298	146	63
268	299	146	63
268	300	146	64
268	301	146	64
268	302	146	64
268	303	146	65
268	304	146	65
268	305	146	65
268	306	158	53
268	307	158	50
268	308	158	50
268	309	158	50
268	310	158	50
268	311	158	50
268	312	158	50
268	313	158	50
268	314	158	50
268	315	158	50
268	316	158	50
268	317	158	50
268	318	158	50
268	319	158	50
269	124	84	19
269	125	80	24
269	126	78	27
269	127	76	29
269	128	74	31
269	129	71	34
269	130	70	33
269	131	70	32
269	132	71	30
269	133	71	29
269	134	71	29
269	135	71	28
269	136	71	27
269	137	71	27
269	138	71	27
269	139	70	28
269	140	70	28
269	141	70	28
269	142	70	28
269	143	70	28
269	144	70	28
269	145	70	28
269	146	71	22
269	147	71	22
269	148	71	22
269	149	70	21
269	150	70	20
269	151	78	10
269	152	86	1
270	161	414	16
270	162	413	17
270	163	413	17
270	164	412	23
270	165	412	23
270	166	412	24
270	166	438	3
270	167	412	30
270	168	411	31
270	169	411	32
270	170	411	33
270	171	411	40
270	172	411	51
270	173	411	51
270	174	411	42
270	175	411	42
270	176	411	42
270	177	411	42
270	178	414	39
270	179	414	37
270	180	414	37
270	181	414	37
270	182	418	33
270	183	418	33
270	184	419	32
270	185	420	31
270	186	421	30
270	187	429	22
270	188	428	23
270	189	425	26
272	129	449	11
272	130	434	48
272	131	434	48
272	132	434	48
272	133	434	48
272	134	434	48
272	135	434	48
272	136	434	48
272	137	434	45
272	138	434	44
272	139	434	43
272	140	436	41
272	141	438	39
272	142	441	36
272	143	445	32
272	144	446	31
272	145	448	29
272	146	448	29
272	147	448	29
272	148	448	26
272	149	448	22
272	150	448	20
272	151	450	17
273	261	178	1
273	262	177	2
273	263	176	4
273	264	176	5
273	265	175	7
273	266	174	9
273	267	173	11
273	268	172	12
273	269	171	14
273	270	171	15
273	271	170	17
273	272	169	21
273	273	168	23
273	274	167	25
273	275	166	27
273	276	165	29
273	277	164	34
273	278	164	35
273	279	163	37
273	280	162	38
273	281	162	36
273	282	161	29
273	283	166	19
274	106	465	6
274	107	465	13
274	108	465	13
274	109	465	13
274	110	465	13
274	111	465	13
274	112	465	13
274	113	465	13
274	114	465	13
274	115	465	13
275	396	339	9
275	397	337	11
275	398	334	13
275	399	334	13
275	400	334	13
275	401	334	13
275	402	331	16
275	403	327	20
275	404	327	20
275	405	327	20
275	406	322	23
275	407	322	23
275	408	322	23
275	409	322	28
275	410	322	29
275	411	322	29
275	412	322	30
275	413	322	34
275	414	325	31
275	415	325	31
275	416	325	31
275	417	325	31
275	418	325	31
275	419	325	31
275	420	325	30
275	421	325	30
275	422	325	29
275	423	325	29
275	424	325	29
275	425	325	29
275	426	325	29
275	427	325	29
275	428	325	29
275	429	325	29
276	370	354	2
276	371	354	3
276	372	354	4
276	373	354	5
276	374	354	6
276	375	352	9
276	376	352	10
276	377	352	11
276	378	351	13
276	379	351	21
276	380	351	23
276	381	351	23
276	382	351	23
276	383	351	23
276	384	347	27
276	385	347	27
276	386	347	30
276	387	348	29
276	388	348	30
276	389	348	31
276	390	348	33
276	391	348	34
276	392	348	34
276	393	348	33
276	394	348	33
276	395	348	32
276	396	348	31
276	397	348	31
276	398	347	31
276	399	347	30
276	400	347	28
276	401	347	27
276	402	347	27
276	403	347	26
276	404	347	24
276	405	347	23
276	406	345	23
276	407	345	21
276	408	345	20
276	409	350	14
276	410	351	12
276	411	351	12
276	412	352	11
277	96	512	48
277	97	512	48
277	98	512	48
277	99	512	48
277	100	512	48
277	101	512	48
277	102	512	48
277	103	512	48
277	104	512	48
277	105	512	48
277	106	512	48
277	107	478	3
277	107	512	48
277	108	478	4
277	108	512	48
277	109	478	4
277	109	512	48
277	110	478	4
277	110	512	48
277	111	478	5
277	111	512	48
277	112	478	82
277	113	478	82
277	114	478	82
277	115	478	82
277	116	478	82
277	117	478	82
277	118	478	82
277	119	478	82
277	120	478	82
277	121	478	82
277	122	478	82
277	123	478	82
277	124	478	82
277	125	478	82
277	126	478	82
277	127	478	82
277	128	482	78
277	129	482	78
277	130	482	78
277	131	482	78
277	132	482	78
277	133	482	78
277	134	482	78
277	135	482	78
277	136	482	78
277	137	479	81
277	138	478	82
277	139	477	83
277	140	477	83
277	141	477	83
277	142	477	83
277	143	477	83
277	144	477	83
277	145	477	83
277	146	477	83
277	147	477	83
277	148	474	86
277	149	470	90
277	150	468	92
277	151	467	93
277	152	464	96
277	153	464	96
277	154	464	96
277	155	464	96
277	156	464	96
277	157	464	96
277	158	464	96
277	159	464	96
281	412	270	16
281	413	270	16
281	414	267	19
281	415	267	19
281	416	266	20
281	417	265	21
281	418	263	23
281	419	262	24
281	420	261	25
281	421	259	27
281	422	259	27
281	423	259	27
281	424	259	27
281	425	259	27
281	426	259	27
281	427	259	27
281	428	259	27
281	429	259	27
281	430	259	27
281	431	259	27
281	432	259	27
281	433	259	27
281	434	266	24
281	435	267	23
281	436	268	22
281	437	269	21
281	438	270	20
281	439	274	16
281	440	274	16
281	441	279	11
282	412	286	23
282	413	286	23
282	414	286	23
282	415	286	23
282	416	286	23
282	417	286	23
282	418	286	23
282	419	286	23
282	420	286	23
282	421	286	22
282	422	286	11
282	422	302	6
282	423	286	11
282	424	286	11
282	425	286	11
282	426	286	11
282	427	286	11
282	428	286	13
282	429	286	13
282	430	286	13
282	431	286	13
282	432	286	13
282	433	286	13
283	253	306	44
283	254	306	44
283	255	306	44
283	256	306	44
283	257	306	44
283	258	306	44
283	259	306	44
283	260	306	44
283	261	306	44
283	262	306	44
283	263	306	44
283	264	306	44
283	265	306	44
283	266	306	44
283	267	306	44
283	268	306	44
283	269	306	44
283	270	306	44
283	271	306	44
283	272	306	44
283	273	306	44
283	274	306	44
283	275	306	44
283	276	306	44
283	277	306	44
283	278	306	44
283	279	306	44
283	280	306	44
283	281	306	44
283	282	306	44
283	283	306	44
283	284	306	44
283	285	306	44
283	286	306	44
283	287	306	44
283	288	306	44
283	289	306	44
283	290	306	44
283	291	306	44
283	292	306	44
283	293	306	44
283	294	306	44
283	295	306	44
283	296	306	44
283	297	306	44
283	298	306	44
283	299	306	44
283	300	306	44
283	301	306	44
283	302	306	44
283	303	306	44
283	304	306	44
283	305	306	44
283	306	306	44
283	307	306	44
283	308	306	44
283	309	306	44
283	310	306	44
283	311	306	44
283	312	306	44
283	313	306	44
283	314	306	44
283	315	306	44
283	316	306	44
283	317	306	44
284	338	210	60
284	339	210	60
284	340	210	60
284	341	210	60
284	342	210	60
284	343	210	60
284	344	210	60
284	345	210	60
284	346	210	60
284	347	210	60
284	348	210	60
284	349	210	60
284	350	210	60
284	351	210	60
284	352	210	60
284	353	210	60
284	354	210	60
284	355	210	60
284	356	210	60
284	357	210	60
284	358	210	60
284	359	210	60
284	360	210	60
284	361	210	60
284	362	210	60
284	363	210	60
284	364	210	60
284	365	210	60
284	366	210	60
284	367	210	60
284	368	210	60
284	369	210	60
284	370	210	60
284	371	210	60
284	372	210	60
284	373	210	60
284	374	210	60
284	375	210	60
284	376	210	60
284	377	210	60
284	378	210	60
284	379	210	60
284	380	210	60
284	381	210	60
286	66	338	9
286	67	338	9
286	68	338	9
286	69	338	9
286	70	338	9
286	71	338	9
286	72	338	8
286	73	338	8
286	74	338	8
286	75	338	8
286	76	338	9
286	77	338	10
286	78	338	10
286	79	338	10
286	80	338	10
286	81	338	10
286	82	338	10
286	83	338	10
286	84	338	10
286	85	338	10
286	86	338	10
286	87	338	10
286	88	338	10
286	89	338	10
286	90	338	9
286	91	338	9
287	66	347	11
287	67	347	12
287	68	347	12
287	69	347	12
287	70	347	13
287	71	347	13
287	72	346	16
287	73	346	16
287	74	346	17
287	75	346	17
287	76	347	16
287	77	348	15
287	78	348	16
287	79	348	16
287	80	348	16
287	81	348	16
287	82	348	16
287	83	348	15
287	84	348	15
287	85	348	15
287	86	348	16
287	87	348	16
287	88	348	17
287	89	348	17
287	90	347	18
287	91	347	18
287	92	338	28
287	93	338	28
287	94	338	28
287	95	338	28
287	96	338	28
287	97	338	28
287	98	338	28
287	99	338	28
287	100	342	24
287	101	348	16
288	434	290	36
288	435	290	36
288	436	290	36
288	437	290	36
288	438	290	36
288	439	290	36
288	440	290	36
288	441	290	32
288	442	286	36
288	443	286	36
288	444	286	36
288	445	286	36
288	446	286	36
288	447	286	36
288	448	286	36
288	449	286	36
288	450	286	36
288	451	286	36
288	452	286	36
288	453	286	36
288	454	286	36
288	455	286	36
288	456	286	36
288	457	286	36
288	458	286	36
288	459	286	36
288	460	286	36
288	461	286	36
288	462	286	2
289	398	302	20
289	399	302	20
289	400	302	20
289	401	302	20
289	402	302	22
289	403	302	25
289	404	302	25
289	405	302	25
289	406	302	20
289	407	302	20
289	408	302	20
289	409	302	20
289	410	302	20
289	411	302	20
293	471	38	3
293	472	38	3
293	473	38	3
294	439	38	3
294	440	38	3
294	441	38	3
295	407	38	3
295	408	38	3
295	409	38	3
301	412	309	13
301	413	309	13
301	414	309	16
301	415	309	16
301	416	309	16
301	417	309	16
301	418	309	16
301	419	309	16
301	420	309	16
301	421	308	17
301	422	297	5
301	422	308	17
301	423	297	28
301	424	297	28
301	425	297	28
301	426	297	28
301	427	297	28
301	428	299	26
301	429	299	26
301	430	299	26
301	431	299	26
301	432	299	26
301	433	299	26
307	422	354	2
307	423	354	4
307	423	368	8
307	424	354	23
307	425	354	24
307	426	354	25
307	427	354	25
307	428	354	25
307	429	354	25
307	430	354	25
307	431	354	25
307	432	354	25
307	433	354	25
307	434	354	25
307	435	354	25
307	436	354	25
307	437	354	25
307	438	355	24
307	439	356	23
307	440	356	23
307	441	357	21
307	442	357	20
307	443	357	19
308	270	78	52
308	271	78	52
308	272	78	52
308	273	78	52
308	274	78	52
308	275	78	52
308	276	78	52
308	277	78	52
308	278	78	52
308	279	78	52
308	280	78	52
308	281	78	52
308	282	78	52
308	283	78	52
308	284	78	52
308	285	78	52
308	286	78	68
308	287	78	68
308	288	78	68
308	289	78	68
308	290	78	20
308	290	142	4
308	291	78	20
308	291	142	4
308	292	78	20
308	292	142	4
308	293	78	20
308	293	142	4
308	294	78	20
308	294	142	4
308	295	78	20
308	295	142	4
308	296	78	20
308	296	142	4
308	297	78	20
308	297	142	4
308	298	78	20
308	298	142	4
308	299	78	20
308	299	142	4
308	300	78	20
308	300	142	4
308	301	78	20
308	301	142	4
308	302	78	20
308	302	142	4
308	303	78	20
308	303	142	4
308	304	78	20
308	304	142	4
308	305	78	20
308	305	142	4
309	306	64	34
309	306	142	16
309	307	64	34
309	307	142	16
309	308	64	34
309	308	142	16
309	309	64	34
309	309	142	16
309	310	64	34
309	310	142	16
309	311	64	34
309	311	142	16
309	312	64	34
309	312	142	16
309	313	64	34
309	313	142	16
309	314	64	34
309	314	142	16
309	315	64	34
309	315	142	16
309	316	64	34
309	316	142	16
309	317	64	34
309	317	142	16
309	318	64	34
309	318	142	16
309	319	64	34
309	319	142	16
309	320	64	34
309	320	142	18
309	321	64	34
309	321	142	18
309	322	64	34
309	322	142	18
309	323	64	34
309	323	142	18
309	324	64	34
309	324	142	18
309	325	64	34
309	325	142	18
309	326	64	34
309	326	142	18
309	327	64	34
309	327	142	18
309	328	64	34
309	328	142	18
309	329	64	34
309	329	142	18
309	330	64	34
309	330	142	18
309	331	64	34
309	331	142	18
309	332	64	34
309	332	142	18
309	333	64	34
309	333	142	18
309	334	64	34
309	334	142	18
309	335	64	34
309	335	142	18
309	336	64	96
309	337	64	96
309	338	64	96
309	339	64	96
309	340	64	96
309	341	64	96
309	342	64	96
309	343	64	96
309	344	64	96
309	345	64	96
309	346	64	96
309	347	64	96
309	348	64	96
309	349	64	96
309	350	64	96
309	351	64	96
309	352	64	96
309	353	64	96
309	354	64	96
309	355	64	96
309	356	64	96
309	357	64	96
309	358	64	96
309	359	64	96
309	360	64	96
309	361	64	96
309	362	64	96
309	363	64	96
309	364	64	96
309	365	64	96
309	366	64	96
309	367	64	96
310	434	254	12
310	435	254	13
310	436	254	14
310	437	254	15
310	438	254	16
310	439	254	20
310	440	253	21
310	441	253	26
310	442	252	34
310	443	252	34
310	444	251	35
310	445	251	35
310	446	249	37
310	447	249	37
310	448	249	37
310	449	248	38
310	450	246	40
310	451	245	41
310	452	245	41
310	453	245	41
310	454	245	41
310	455	245	41
310	456	245	41
310	457	245	41
310	458	249	37
310	459	250	36
310	460	251	35
310	461	255	21
311	270	64	14
311	271	64	14
311	272	64	14
311	273	64	14
311	274	64	14
311	275	64	14
311	276	64	14
311	277	64	14
311	278	64	14
311	279	64	14
311	280	64	14
311	281	64	14
311	282	64	14
311	283	64	14
311	284	64	14
311	285	64	14
311	286	64	14
311	287	64	14
311	288	64	14
311	289	64	14
311	290	64	14
311	291	64	14
311	292	64	14
311	293	64	14
311	294	64	14
311	295	64	14
311	296	64	14
311	297	64	14
311	298	64	14
311	299	64	14
311	300	64	14
311	301	64	14
311	302	64	14
311	303	64	14
311	304	64	14
311	305	64	14
312	396	379	11
312	397	379	12
312	398	378	13
312	399	377	15
312	400	375	18
312	401	374	20
312	402	374	20
312	403	373	22
312	404	371	25
312	405	370	26
312	406	368	29
312	407	366	32
312	408	365	12
312	409	364	13
314	408	377	21
314	409	377	21
314	410	363	35
314	411	363	35
314	412	363	35
314	413	356	42
314	414	356	42
314	415	356	42
314	416	356	42
314	417	356	42
314	418	356	40
314	419	356	38
314	420	355	38
314	421	355	38
314	422	356	36
314	423	358	10
314	423	376	15
314	424	377	2
314	425	378	1
328	197	130	1
328	198	127	5
328	199	126	7
328	200	113	22
328	201	113	23
328	202	113	23
328	203	113	23
328	204	114	22
328	205	115	21
328	206	117	19
328	207	117	19
328	208	117	18
328	209	117	18
328	210	120	15
328	211	121	14
328	212	122	13
328	213	123	12
328	214	124	11
328	215	126	9
329	16	192	94
329	17	192	94
329	18	192	94
329	19	192	94
329	20	192	94
329	21	192	94
329	22	192	94
329	23	192	94
329	24	192	94
329	25	192	94
329	26	192	94
329	27	192	94
329	28	192	94
329	29	192	94
329	30	192	94
329	31	192	94
329	32	192	94
329	33	192	94
329	34	192	94
329	35	192	94
329	36	192	94
329	37	192	94
329	38	192	94
329	39	192	94
329	40	192	94
329	41	192	94
329	42	192	94
329	43	192	94
329	44	192	94
329	45	192	94
329	46	192	14
329	46	258	28
329	47	192	14
329	47	258	28
329	48	192	14
329	48	258	28
329	49	192	14
329	49	258	28
329	50	192	14
329	50	258	28
329	51	192	14
329	51	258	28
329	52	192	14
329	52	258	28
329	53	192	14
329	53	258	28
329	54	192	14
329	54	258	28
329	55	192	14
329	55	258	28
329	56	192	14
329	56	258	28
329	57	192	14
329	57	258	28
329	58	192	14
329	58	258	28
329	59	192	14
329	59	258	28
329	60	192	14
329	60	258	28
329	61	192	14
329	61	258	28
329	62	192	14
329	62	258	28
329	63	192	14
329	63	258	28
329	64	192	14
329	64	258	27
329	65	192	14
329	65	258	26
329	66	192	14
329	66	258	25
329	67	192	14
329	67	258	26
329	68	192	14
329	68	258	26
329	69	192	14
329	69	258	27
329	70	192	14
329	70	258	27
329	71	192	14
329	71	258	27
329	72	192	14
329	72	258	26
329	73	192	14
329	73	258	26
329	74	192	14
329	74	258	26
329	75	192	14
329	75	258	26
329	76	192	14
329	76	258	25
329	77	192	14
329	77	258	24
329	78	192	14
329	78	258	28
329	79	192	14
329	79	258	28
329	80	258	27
329	81	258	26
329	82	258	26
329	83	258	24
329	84	258	23
329	85	258	23
329	86	258	22
329	87	258	22
329	88	258	22
329	89	258	21
329	90	258	20
329	91	258	19
329	92	258	20
329	93	258	20
329	94	258	20
329	95	258	20
329	96	258	15
329	97	258	8
329	98	256	6
330	16	286	82
330	17	286	82
330	18	286	82
330	19	286	82
330	20	286	82
330	21	286	82
330	22	286	82
330	23	286	82
330	24	286	82
330	25	286	82
330	26	286	82
330	27	286	82
330	28	286	82
330	29	286	82
330	30	286	82
330	31	286	82
330	32	286	82
330	33	286	82
330	34	286	82
330	35	286	82
330	36	286	82
330	37	286	82
330	38	286	82
330	39	286	82
330	40	286	82
330	41	286	82
330	42	286	82
330	43	286	82
330	44	286	82
330	45	286	82
330	46	286	82
330	47	286	82
330	48	286	66
330	49	286	66
330	50	286	66
330	51	286	66
330	52	286	66
330	53	286	66
330	54	286	66
330	55	286	66
330	56	286	66
330	57	286	66
330	58	286	39
330	58	334	18
330	59	286	17
330	59	307	16
330	59	336	6
330	59	349	3
330	60	286	15
330	60	350	2
330	61	286	5
330	61	296	3
331	16	368	48
331	17	368	48
331	18	368	48
331	19	368	48
331	20	368	48
331	21	368	48
331	22	368	48
331	23	368	48
331	24	368	48
331	25	368	48
331	26	368	48
331	27	368	48
331	28	368	48
331	29	368	48
331	30	368	48
331	31	368	48
331	32	368	32
331	33	368	32
331	34	368	32
331	35	368	32
331	36	368	32
331	37	368	32
331	38	368	32
331	39	368	32
331	40	368	32
331	41	368	32
331	42	368	32
331	43	368	32
331	44	368	32
331	45	368	32
331	46	368	32
331	47	368	32
332	58	325	9
332	59	303	4
332	59	323	13
332	59	342	7
332	60	301	49
332	61	291	5
332	61	299	55
332	62	286	68
332	63	286	69
332	64	285	70
332	65	284	71
332	66	283	7
332	67	284	6
332	68	284	6
332	69	285	5
332	70	285	5
332	71	285	5
332	72	284	6
332	73	284	6
332	74	284	6
332	75	284	6
332	76	283	7
332	77	282	8
333	151	74	4
333	152	74	12
333	153	74	13
333	154	74	14
333	155	74	15
333	156	74	16
333	157	74	17
333	158	74	18
333	159	74	18
333	160	74	18
333	161	74	18
333	162	74	20
333	163	74	20
333	164	74	20
333	165	74	20
333	166	74	20
333	167	74	20
333	168	75	19
333	169	75	19
333	170	76	18
333	171	76	18
333	172	77	17
334	130	103	2
334	131	102	3
334	132	101	4
334	133	100	5
334	134	100	5
334	135	99	7
334	136	98	8
334	137	98	8
334	138	98	9
334	139	98	9
334	140	98	9
334	141	98	10
334	142	98	10
334	143	98	10
334	144	98	10
334	145	98	10
334	146	93	17
334	147	93	17
334	148	93	17
334	149	91	18
334	150	90	19
334	151	88	21
334	152	87	22
334	153	87	22
334	154	88	21
334	155	89	20
334	156	90	19
334	157	91	18
334	158	92	15
334	159	92	15
334	160	92	15
334	161	92	15
334	162	94	11
334	163	94	10
334	164	94	7
334	165	94	5
334	166	94	4
334	167	94	4
334	168	94	4
334	169	94	4
335	152	462	2
335	153	462	2
335	154	462	2
335	155	462	2
335	156	462	2
335	157	462	2
335	158	462	2
335	159	462	2
335	160	462	18
335	161	462	18
335	162	462	18
335	163	462	18
335	164	462	18
335	165	462	18
335	166	462	18
335	167	462	18
335	168	462	18
335	169	462	18
335	170	462	18
335	171	462	18
335	172	462	18
335	173	462	18
335	174	453	27
335	175	453	27
335	176	453	27
335	177	453	27
335	178	453	27
335	179	451	29
335	180	451	29
335	181	451	29
335	182	451	29
335	183	451	29
335	184	451	29
335	185	451	29
335	186	451	29
335	187	451	29
335	188	451	29
335	189	451	29
335	190	425	55
335	191	426	54
335	192	427	53
335	193	427	53
335	194	427	53
335	195	428	52
335	196	429	51
335	197	429	51
335	198	426	54
335	199	426	54
335	200	425	55
335	201	418	62
335	202	416	64
335	203	416	64
335	204	416	64
335	205	416	64
335	206	416	64
335	207	416	64
336	112	32	32
336	113	32	32
336	114	32	32
336	115	32	32
336	116	32	32
336	117	32	32
336	118	32	32
336	119	32	32
336	120	32	32
336	121	32	32
336	122	32	32
336	123	32	32
336	124	32	32
336	125	32	32
336	126	32	32
336	127	32	32
336	128	32	42
336	129	32	39
336	130	32	38
336	131	32	38
336	132	32	39
336	133	32	39
336	134	32	39
336	135	32	39
336	136	32	39
336	137	32	39
336	138	32	39
336	139	32	38
336	140	32	38
336	141	32	38
336	142	32	38
336	143	32	38
336	144	32	38
336	145	32	38
336	146	32	39
336	147	32	39
336	148	32	39
336	149	32	38
336	150	32	38
336	151	32	42
336	152	32	42
336	153	32	42
336	154	32	42
336	155	32	42
336	156	32	42
336	157	32	42
336	158	32	42
336	159	32	42
336	160	32	42
336	161	32	42
336	162	32	42
336	163	32	42
336	164	32	42
336	165	32	42
336	166	32	42
336	167	32	42
336	168	32	43
336	169	32	43
336	170	32	44
336	170	94	2
336	171	32	44
336	171	94	2
336	172	32	45
336	172	94	2
336	173	32	64
336	174	32	64
336	175	32	64
336	176	32	64
336	177	32	64
336	178	32	64
336	179	32	64
336	180	32	64
336	181	32	64
336	182	32	64
336	183	32	64
336	184	32	64
336	185	32	64
336	186	32	64
336	187	32	64
336	188	32	64
336	189	32	64
336	190	32	64
336	191	32	64
336	192	32	64
336	193	32	64
336	194	32	55
336	195	32	55
336	196	32	55
336	197	32	55
336	198	32	55
336	199	32	55
336	200	32	55
336	201	32	55
336	202	32	55
336	203	32	55
336	204	32	55
336	205	32	55
336	206	32	52
336	207	32	52
336	208	32	32
336	208	82	2
336	209	32	32
336	209	82	2
336	210	32	32
336	210	82	2
336	211	32	32
336	211	82	2
336	212	32	32
336	212	82	2
336	213	32	32
336	213	82	2
336	214	32	32
336	214	82	2
336	215	32	32
336	215	82	2
336	216	32	32
336	216	82	2
336	217	32	32
336	217	82	2
336	218	32	32
336	219	32	32
336	220	32	32
336	221	32	32
336	222	32	32
336	223	32	32
337	494	35	5
337	495	35	5
337	496	35	5
337	497	35	5
337	498	35	5
337	499	35	5
337	500	35	5
337	501	35	5
337	502	35	5
337	503	35	5
337	504	35	5
339	78	286	4
339	79	286	4
339	80	285	5
339	81	284	6
339	82	284	6
339	83	282	8
339	84	281	9
339	85	281	9
339	86	280	10
339	87	280	10
339	88	280	10
339	89	279	11
339	90	278	12
339	91	277	13
339	92	278	12
339	93	278	12
339	94	278	12
339	95	278	12
339	96	273	17
339	97	266	24
339	98	262	28
339	99	255	35
339	100	251	39
339	101	249	41
339	102	247	43
339	103	245	45
339	104	244	46
339	105	244	46
339	106	244	46
339	107	244	46
339	108	284	6
339	109	285	5
339	110	286	11
339	111	286	11
339	112	286	11
339	113	290	7
340	134	423	11
340	135	423	11
340	136	423	11
340	137	423	11
340	138	423	11
340	139	424	10
340	140	424	12
340	141	424	14
340	142	425	16
340	143	425	20
340	144	426	20
340	145	427	21
340	146	426	22
340	147	426	22
340	148	426	22
340	149	426	22
340	150	425	23
340	151	425	25
340	152	425	37
340	153	425	37
340	154	424	38
340	155	423	39
340	156	423	39
340	157	417	45
340	158	416	46
340	159	416	46
340	160	415	47
340	161	430	32
340	162	430	32
340	163	430	32
340	164	435	27
340	165	435	27
340	166	436	2
340	166	441	21
340	167	442	20
340	168	442	20
340	169	443	19
340	170	444	18
340	171	451	11
341	494	51	5
341	495	51	5
341	496	51	5
341	497	51	5
341	498	51	5
341	499	51	5
341	500	51	5
341	501	51	5
341	502	51	5
341	503	51	5
341	504	51	5
342	480	32	32
342	481	32	32
342	482	32	32
342	483	32	32
342	484	32	32
342	485	32	32
342	486	32	32
342	487	32	32
342	488	32	32
342	489	32	32
342	490	32	32
342	491	32	32
342	492	32	32
342	493	32	32
342	494	32	3
342	494	40	11
342	494	56	8
342	495	32	3
342	495	40	11
342	495	56	8
342	496	32	3
342	496	40	11
342	496	56	8
342	497	32	3
342	497	40	11
342	497	56	8
342	498	32	3
342	498	40	11
342	498	56	8
342	499	32	3
342	499	40	11
342	499	56	8
342	500	32	3
342	500	40	11
342	500	56	8
342	501	32	3
342	501	40	11
342	501	56	8
342	502	32	3
342	502	40	11
342	502	56	8
342	503	32	3
342	503	40	11
342	503	56	8
342	504	32	3
342	504	40	11
342	504	56	8
342	505	32	32
342	506	32	32
342	507	32	32
342	508	32	32
342	509	32	32
342	510	32	32
342	511	32	32
343	402	242	28
343	403	242	28
343	404	242	28
343	405	242	28
343	406	242	28
343	407	242	28
343	408	242	28
343	409	242	28
343	410	242	28
343	411	242	28
343	412	242	28
343	413	242	28
343	414	242	25
343	415	242	25
343	416	242	24
343	417	242	23
343	418	242	21
343	419	242	20
343	420	242	19
343	421	242	17
343	422	242	17
343	423	242	17
343	424	242	17
343	425	242	17
343	426	241	18
343	427	238	21
343	428	238	21
343	429	238	21
343	430	198	1
343	430	235	24
343	431	198	1
343	431	235	24
343	432	198	1
343	432	234	25
343	433	198	1
343	433	234	25
343	434	198	2
343	434	234	20
343	435	198	3
343	435	233	21
343	436	198	4
343	436	227	27
343	437	198	5
343	437	218	36
343	438	198	7
343	438	214	40
343	439	198	56
343	440	198	55
343	441	198	55
343	442	198	54
343	443	198	54
343	444	198	53
343	445	198	53
343	446	198	51
343	447	198	51
344	397	208	34
344	398	206	36
344	399	206	36
344	400	206	36
344	401	206	36
344	402	200	42
344	403	200	42
344	404	199	43
344	405	199	43
344	406	199	43
344	407	199	43
344	408	199	43
344	409	199	43
344	410	199	43
344	411	198	44
344	412	198	44
344	413	198	44
344	414	198	44
344	415	198	44
344	416	198	44
344	417	198	44
344	418	198	44
344	419	198	44
344	420	198	44
344	421	198	44
344	422	198	44
344	423	198	44
344	424	198	44
344	425	198	44
344	426	198	43
344	427	198	40
344	428	198	40
344	429	198	40
344	430	199	36
344	431	199	36
344	432	199	35
344	433	199	35
344	434	200	34
344	435	201	32
344	436	202	25
344	437	203	15
344	438	205	9
350	472	299	3
350	473	299	12
350	474	297	21
350	475	297	21
350	476	297	21
350	477	287	31
350	478	287	31
350	479	287	31
350	480	287	31
350	481	287	31
350	482	287	31
350	483	287	31
350	484	287	31
350	485	287	31
350	486	287	31
350	487	287	31
350	488	287	27
350	489	287	27
350	490	287	27
350	491	287	27
350	492	287	27
350	493	287	27
350	494	287	27
350	495	287	27
350	496	287	27
350	497	287	27
351	462	288	32
351	463	288	32
351	464	288	32
351	465	288	32
351	466	288	32
351	467	288	30
351	468	288	30
351	469	288	30
351	470	288	30
351	471	288	30
351	472	288	11
351	472	302	16
351	473	288	11
351	473	311	7
351	474	288	9
351	475	288	9
351	476	288	9
354	462	320	18
354	463	320	18
354	464	320	18
354	465	320	18
354	466	320	18
354	467	318	20
354	468	318	20
354	469	318	20
354	470	318	20
354	471	318	20
354	472	318	20
354	473	318	20
354	474	318	20
354	475	318	20
354	476	318	20
354	477	318	20
354	478	318	20
354	479	318	20
354	480	318	20
354	481	318	20
354	482	318	20
354	483	318	20
354	484	318	20
354	485	318	20
354	486	318	20
354	487	318	20
354	488	314	24
354	489	314	24
354	490	314	24
354	491	314	24
354	492	314	24
354	493	314	24
354	494	314	24
354	495	314	24
354	496	314	24
354	497	314	24
354	498	319	5
355	461	334	22
355	462	338	18
355	463	338	18
355	464	338	18
355	465	338	18
355	466	338	18
355	467	338	18
355	468	338	18
355	469	338	18
355	470	338	18
355	471	338	18
355	472	338	18
355	473	338	18
355	474	338	18
355	475	338	18
355	476	338	18
355	477	338	18
355	478	338	18
355	479	338	18
355	480	338	18
355	481	338	18
355	482	338	18
355	483	338	18
355	484	338	18
355	485	338	18
355	486	338	18
355	487	338	18
355	488	338	18
355	489	338	18
355	490	338	18
355	491	338	18
355	492	338	18
355	493	338	18
355	494	338	18
355	495	338	18
355	496	338	18
355	497	338	18
361	464	0	16
361	465	0	16
361	466	0	16
361	467	0	16
361	468	0	16
361	469	0	16
361	470	0	16
361	471	0	16
361	472	0	16
361	473	0	16
361	474	0	16
361	475	0	16
361	476	0	16
361	477	0	16
361	478	0	16
361	479	0	16
362	416	0	32
362	417	0	32
362	418	0	32
362	419	0	32
362	420	0	32
362	421	0	32
362	422	0	32
362	423	0	32
362	424	0	32
362	425	0	32
362	426	0	32
362	427	0	32
362	428	0	32
362	429	0	32
362	430	0	32
362	431	0	32
362	432	0	32
362	433	0	32
362	434	0	32
362	435	0	32
362	436	0	32
362	437	0	32
362	438	0	32
362	439	0	32
362	440	0	32
362	441	0	32
362	442	0	32
362	443	0	32
362	444	0	32
362	445	0	32
362	446	0	32
362	447	0	32
363	384	0	32
363	385	0	32
363	386	0	32
363	387	0	32
363	388	0	32
363	389	0	32
363	390	0	32
363	391	0	32
363	392	0	32
363	393	0	32
363	394	0	32
363	395	0	32
363	396	0	32
363	397	0	32
363	398	0	32
363	399	0	32
363	400	0	32
363	401	0	32
363	402	0	32
363	403	0	32
363	404	0	32
363	405	0	32
363	406	0	32
363	407	0	32
363	408	0	32
363	409	0	32
363	410	0	32
363	411	0	32
363	412	0	32
363	413	0	32
363	414	0	32
363	415	0	32
364	352	0	32
364	353	0	32
364	354	0	32
364	355	0	32
364	356	0	32
364	357	0	32
364	358	0	32
364	359	0	32
364	360	0	32
364	361	0	32
364	362	0	32
364	363	0	32
364	364	0	32
364	365	0	32
364	366	0	32
364	367	0	32
364	368	0	32
364	369	0	32
364	370	0	32
364	371	0	32
364	372	0	32
364	373	0	32
364	374	0	32
364	375	0	32
364	376	0	32
364	377	0	32
364	378	0	32
364	379	0	32
364	380	0	32
364	381	0	32
364	382	0	32
364	383	0	32
378	559	505	7
378	560	505	8
378	561	493	20
378	562	491	22
378	563	491	22
378	564	491	25
378	565	492	34
378	566	492	34
378	567	492	34
378	568	492	34
378	569	492	34
378	570	492	34
378	571	492	34
378	572	492	34
378	573	492	34
378	574	492	34
378	575	492	34
378	576	492	34
378	577	492	34
378	578	492	34
378	579	492	34
379	597	5	6
379	598	5	6
379	599	5	6
379	600	5	6
379	601	5	6
379	602	5	6
382	535	518	6
382	536	517	8
382	537	517	11
382	538	509	19
382	539	509	19
382	540	509	19
382	541	509	19
382	542	509	19
382	543	509	19
382	544	509	19
382	545	494	34
382	546	494	34
382	547	494	34
382	548	487	50
382	549	487	50
382	550	487	50
382	551	482	55
382	552	482	55
382	553	482	55
382	554	482	55
382	555	482	55
382	556	482	55
382	557	482	55
382	558	482	55
382	559	482	23
382	559	512	25
382	560	482	23
382	560	513	12
382	561	482	11
382	561	513	12
382	562	482	9
382	562	513	12
382	563	482	9
382	563	513	12
382	564	482	9
382	564	516	9
385	512	448	112
385	513	448	112
385	514	448	112
385	515	448	112
385	516	448	112
385	517	448	112
385	518	448	112
385	519	448	112
385	520	448	112
385	521	448	112
385	522	448	112
385	523	448	112
385	524	448	112
385	525	448	112
385	526	448	112
385	527	448	112
385	528	448	112
385	529	448	112
385	530	448	112
385	531	448	112
385	532	448	112
385	533	448	112
385	534	448	112
385	535	448	70
385	535	524	36
385	536	448	69
385	536	525	35
385	537	448	69
385	537	528	32
385	538	448	61
385	538	528	32
385	539	448	61
385	539	528	32
385	540	448	61
385	540	528	32
385	541	448	61
385	541	528	32
385	542	448	61
385	542	528	32
385	543	448	61
385	543	528	32
385	544	448	61
385	544	528	32
385	545	448	46
385	545	528	32
385	546	448	46
385	546	528	32
385	547	448	46
385	547	528	32
385	548	448	39
385	548	537	23
385	549	448	39
385	549	537	23
385	550	448	39
385	550	537	23
385	551	448	34
385	551	537	23
385	552	448	34
385	552	537	23
385	553	448	34
385	553	537	23
385	554	448	34
385	554	537	23
385	555	448	34
385	555	537	23
385	556	448	34
385	556	537	23
385	557	448	34
385	557	537	23
385	558	448	34
385	558	537	23
385	559	448	34
385	559	537	23
385	560	448	34
385	560	525	35
385	561	448	34
385	561	525	35
385	562	448	34
385	562	525	35
385	563	448	34
385	563	525	35
385	564	448	34
385	564	525	35
385	565	448	44
385	565	526	34
385	566	448	44
385	566	526	34
385	567	448	44
385	567	526	34
385	568	448	44
385	568	526	34
385	569	448	44
385	569	526	34
385	570	448	44
385	570	526	34
385	571	448	44
385	571	526	34
385	572	448	44
385	572	526	34
385	573	448	44
385	573	526	34
385	574	448	44
385	574	526	34
385	575	448	44
385	575	526	34
385	576	448	44
385	576	526	34
385	577	448	44
385	577	526	34
385	578	448	44
385	578	526	34
385	579	448	44
385	579	526	34
385	580	448	112
385	581	448	112
385	582	448	112
385	583	448	112
385	584	448	112
385	585	448	112
385	586	448	112
385	587	448	112
385	588	448	112
385	589	448	112
385	590	448	112
385	591	448	112
385	592	448	112
385	593	448	112
385	594	448	112
385	595	448	112
385	596	448	112
385	597	448	112
385	598	448	112
385	599	448	112
385	600	448	112
385	601	448	112
385	602	448	112
385	603	448	112
385	604	448	112
385	605	448	112
385	606	448	112
385	607	448	112
387	461	276	10
387	462	251	35
387	463	251	37
387	464	251	37
387	465	251	37
387	466	251	37
387	467	251	37
387	468	251	37
387	469	251	37
387	470	251	37
387	471	251	37
387	472	251	37
387	473	251	37
387	474	251	37
387	475	251	37
387	476	251	37
387	477	251	36
387	478	251	36
387	479	251	36
387	480	251	36
387	481	251	36
387	482	251	36
387	483	251	36
387	484	251	36
387	485	251	36
387	486	251	36
387	487	255	32
387	488	255	32
387	489	255	32
387	490	255	32
387	491	256	31
387	492	256	31
387	493	256	31
387	494	257	30
387	495	257	30
387	496	258	20
387	497	258	18
387	498	258	14
387	499	258	7
387	500	258	5
387	501	258	1
388	463	249	2
388	464	248	3
388	465	247	4
388	466	246	5
388	467	245	6
388	468	242	9
388	469	239	12
388	470	237	14
388	471	235	16
388	472	234	17
388	473	233	18
388	474	232	19
388	475	232	19
388	476	232	19
388	477	231	20
388	478	231	20
388	479	230	21
388	480	229	22
388	481	229	22
388	482	229	22
388	483	228	23
388	484	228	23
388	485	227	24
388	486	227	24
388	487	226	29
388	488	226	29
388	489	226	29
388	490	226	29
388	491	227	29
388	492	227	29
388	493	227	29
388	494	227	30
388	495	227	30
388	496	228	30
388	497	228	30
388	498	228	30
388	499	228	30
388	500	229	29
388	501	229	29
388	502	229	30
388	503	229	30
388	504	229	30
388	505	227	32
388	506	226	33
388	507	226	33
388	508	226	33
388	509	226	33
388	510	240	19
391	448	192	57
391	449	192	56
391	450	192	54
391	451	192	53
391	452	192	53
391	453	192	53
391	454	192	53
391	455	192	53
391	456	192	53
391	457	192	53
391	458	192	57
391	459	192	58
391	460	192	59
391	461	192	63
391	462	192	59
391	463	192	57
391	464	192	56
391	465	192	55
391	466	192	54
391	467	192	53
391	468	192	50
391	469	192	47
391	470	192	45
391	471	192	43
391	472	192	42
391	473	192	41
391	474	192	40
391	475	192	40
391	476	192	40
391	477	192	39
391	478	192	39
391	479	192	38
391	480	192	37
391	481	192	37
391	482	192	37
391	483	192	36
391	484	192	36
391	485	192	35
391	486	192	35
391	487	192	34
391	488	192	34
391	489	192	34
391	490	192	34
391	491	192	35
391	492	192	35
391	493	192	35
391	494	192	35
391	495	192	35
391	496	192	36
391	497	192	36
391	498	192	36
391	499	192	36
391	500	192	37
391	501	192	37
391	502	192	37
391	503	192	37
391	504	192	37
391	505	192	35
391	506	192	34
391	507	192	34
391	508	192	34
391	509	192	34
391	510	192	32
391	511	192	32
394	432	176	16
394	433	176	16
394	434	176	16
394	435	176	16
394	436	176	16
394	437	176	16
394	438	176	16
394	439	176	16
394	440	176	16
394	441	176	16
394	442	176	16
394	443	176	16
394	444	176	16
394	445	176	16
394	446	176	16
394	447	176	16
394	448	176	16
394	449	176	16
394	450	176	16
394	451	176	16
394	452	176	16
394	453	176	16
394	454	176	16
394	455	176	16
394	456	176	16
394	457	176	16
394	458	176	16
394	459	176	16
394	460	176	16
394	461	176	16
394	462	176	16
394	463	176	16
394	464	176	16
394	465	176	16
394	466	176	16
394	467	176	16
394	468	176	16
394	469	176	16
394	470	176	16
394	471	176	16
394	472	176	16
394	473	176	16
394	474	176	16
394	475	176	16
394	476	176	16
394	477	176	16
394	478	176	16
394	479	176	16
394	480	176	16
394	481	176	16
394	482	176	16
394	483	176	16
394	484	176	16
394	485	176	16
394	486	176	16
394	487	176	16
394	488	176	16
394	489	176	16
394	490	176	16
394	491	176	16
394	492	176	16
394	493	176	16
394	494	176	16
394	495	176	16
394	496	176	16
394	497	176	16
394	498	176	16
394	499	176	16
394	500	176	16
394	501	176	16
394	502	176	16
394	503	176	16
394	504	176	16
394	505	176	16
394	506	176	16
394	507	176	16
394	508	176	16
394	509	176	16
394	510	176	16
394	511	176	16
394	512	176	80
394	513	176	80
394	514	176	80
394	515	176	80
394	516	176	80
394	517	176	80
394	518	176	80
394	519	176	80
394	520	176	80
394	521	176	80
394	522	176	80
394	523	176	80
394	524	176	80
394	525	176	80
394	526	176	80
394	527	176	80
397	447	361	3
397	448	360	5
397	449	359	7
397	450	358	8
397	451	357	10
397	452	356	14
397	453	356	14
397	454	356	14
397	455	355	15
397	456	355	16
397	457	354	23
397	458	354	24
397	459	353	26
397	460	352	28
397	461	356	24
397	462	356	24
397	463	356	23
397	464	356	22
397	465	356	21
397	466	357	20
397	467	359	18
397	468	361	16
397	469	363	14
397	470	364	13
397	471	366	11
401	444	368	13
401	445	366	24
401	446	365	26
401	447	364	28
401	448	365	27
401	449	366	26
401	450	366	26
401	451	367	25
401	452	370	22
401	453	370	22
401	454	370	22
401	455	370	22
401	456	371	21
401	457	377	15
401	458	378	14
401	459	379	13
401	460	380	11
401	461	380	10
401	462	380	10
401	463	379	10
401	464	378	11
401	465	377	12
401	466	377	12
401	467	377	12
401	468	377	12
401	469	377	12
401	470	377	12
401	471	377	12
